YYYY,MM,DD,days,days_m,Bsr,dB,Kp1,Kp2,Kp3,Kp4,Kp5,Kp6,Kp7,Kp8,ap1,ap2,ap3,ap4,ap5,ap6,ap7,ap8,Ap,SN,F10.7obs,F10.7adj,D
2015,1,1,30316,30316.5,2475,5,2.333,1.0,1.0,1.0,1.333,1.333,1.667,2.333,9,4,4,4,5,5,6,9,6,104,137.5,132.9,2
2015,1,2,30317,30317.5,2475,6,3.0,1.0,1.333,1.667,2.333,2.333,3.0,4.0,15,4,5,6,9,9,15,27,11,122,145.8,141.0,2
2015,1,3,30318,30318.5,2475,7,4.667,3.0,2.333,3.0,2.667,1.0,1.333,0.0,39,15,9,15,12,4,5,0,12,102,148.7,143.8,2
2015,1,4,30319,30319.5,2475,8,0.667,1.0,2.0,3.333,3.667,5.0,3.333,4.0,3,4,7,18,22,48,18,27,18,105,149.7,144.8,2
2015,1,5,30320,30320.5,2475,9,5.333,3.0,2.333,1.667,2.0,1.667,2.333,3.0,56,15,9,6,7,6,9,15,15,88,141.9,137.2,2
2015,1,6,30321,30321.5,2475,10,2.0,3.0,3.333,3.667,2.0,3.0,2.667,1.0,7,15,18,22,7,15,12,4,12,89,141.9,137.2,2
2015,1,7,30322,30322.5,2475,11,2.333,1.667,6.0,6.333,4.0,2.333,2.0,3.333,9,6,80,94,27,9,7,18,31,103,147.2,142.4,2
2015,1,8,30323,30323.5,2475,12,3.667,4.0,2.667,2.0,2.333,1.667,1.667,2.667,22,27,12,7,9,6,6,12,13,99,157.2,152.0,2
2015,1,9,30324,30324.5,2475,13,2.0,1.667,2.333,1.667,2.0,1.333,1.0,2.0,7,6,9,6,7,5,4,7,6,111,151.2,146.2,2
2015,1,10,30325,30325.5,2475,14,2.333,3.333,1.333,2.0,2.333,3.333,1.0,0.667,9,18,5,7,9,18,4,3,9,106,151.9,146.9,2
2015,1,11,30326,30326.5,2475,15,3.0,2.333,3.0,2.0,2.333,1.0,2.0,2.667,15,9,15,7,9,4,7,12,10,122,153.7,148.6,2
2015,1,12,30327,30327.5,2475,16,0.333,1.333,1.333,1.667,2.667,2.333,2.333,2.0,2,5,5,6,12,9,9,7,7,124,158.6,153.4,2
2015,1,13,30328,30328.5,2475,17,1.667,1.667,1.0,1.333,2.667,2.667,2.0,2.0,6,6,4,5,12,12,7,7,7,101,-1.0,-1.0,2
2015,1,14,30329,30329.5,2475,18,2.0,0.667,1.0,1.667,2.667,1.333,1.667,1.0,7,3,4,6,12,5,6,4,6,80,141.8,137.2,2
2015,1,15,30330,30330.5,2475,19,0.333,0.667,1.333,1.333,3.0,1.667,0.333,0.333,2,3,5,5,15,6,2,2,5,59,131.4,127.1,2
2015,1,16,30331,30331.5,2475,20,1.333,3.0,2.0,1.333,2.0,1.0,1.667,1.0,5,15,7,5,7,4,6,4,7,52,124.7,120.7,2
2015,1,17,30332,30332.5,2475,21,2.667,3.0,0.667,1.667,1.333,0.0,0.333,1.667,12,15,3,6,5,0,2,6,6,40,121.9,118.0,2
2015,1,18,30333,30333.5,2475,22,0.333,0.333,0.0,0.667,1.333,1.0,1.0,2.333,2,2,0,3,5,4,4,9,4,68,125.8,121.7,2
2015,1,19,30334,30334.5,2475,23,2.333,0.333,0.0,0.667,0.667,0.667,1.0,2.0,9,2,0,3,3,3,4,7,4,66,130.0,125.9,2
2015,1,20,30335,30335.5,2475,24,1.0,0.0,1.0,1.333,0.333,0.0,0.0,0.333,4,0,4,5,2,0,0,2,2,56,125.6,121.6,2
2015,1,21,30336,30336.5,2475,25,1.333,2.0,1.667,1.333,2.0,3.667,3.333,3.0,5,7,6,5,7,22,18,15,11,43,123.9,120.0,2
2015,1,22,30337,30337.5,2475,26,3.667,3.0,1.667,3.0,3.0,1.333,2.333,2.0,22,15,6,15,15,5,9,7,12,50,120.3,116.6,2
2015,1,23,30338,30338.5,2475,27,2.667,3.0,2.0,2.0,2.0,2.0,1.667,0.667,12,15,7,7,7,7,6,3,8,60,121.1,117.3,2
2015,1,24,30339,30339.5,2476,1,0.333,1.0,1.0,1.0,1.667,1.667,2.333,2.333,2,4,4,4,6,6,9,9,6,59,125.3,121.4,2
2015,1,25,30340,30340.5,2476,2,1.0,1.667,0.667,0.667,1.0,1.0,1.333,2.667,4,6,3,3,4,4,5,12,5,62,126.6,122.7,2
2015,1,26,30341,30341.5,2476,3,3.333,3.0,3.333,4.0,2.667,3.0,2.333,2.0,18,15,18,27,12,15,9,7,15,109,147.0,142.5,2
2015,1,27,30342,30342.5,2476,4,3.0,2.667,3.0,2.0,1.667,2.333,2.333,3.333,15,12,15,7,6,9,9,18,11,126,158.1,153.3,2
2015,1,28,30343,30343.5,2476,5,2.667,2.0,3.0,2.333,1.0,0.667,0.333,1.333,12,7,15,9,4,3,2,5,7,141,159.3,154.5,2
2015,1,29,30344,30344.5,2476,6,2.0,0.667,0.667,1.667,1.667,2.0,3.667,2.667,7,3,3,6,6,7,22,12,8,146,171.8,166.7,2
2015,1,30,30345,30345.5,2476,7,2.333,2.667,2.0,1.0,1.0,1.667,3.333,3.0,9,12,7,4,4,6,18,15,9,153,159.4,154.6,2
2015,1,31,30346,30346.5,2476,8,1.333,2.333,1.333,1.333,1.667,2.333,2.333,3.667,5,9,5,5,6,9,9,22,9,138,153.5,149.0,2
2015,2,1,30347,30347.5,2476,9,4.0,2.667,3.0,2.0,2.0,3.0,4.333,5.0,27,12,15,7,7,15,32,48,20,113,141.7,137.6,2
2015,2,2,30348,30348.5,2476,10,5.0,4.667,4.0,3.667,3.0,3.667,4.0,3.0,48,39,27,22,15,22,27,15,27,93,144.0,139.8,2
2015,2,3,30349,30349.5,2476,11,4.0,4.0,2.667,2.333,2.667,3.0,2.333,3.0,27,27,12,9,12,15,9,15,16,89,149.3,145.1,2
2015,2,4,30350,30350.5,2476,12,2.333,1.667,1.0,1.667,2.667,3.0,1.333,1.333,9,6,4,6,12,15,5,5,8,96,154.4,150.1,2
2015,2,5,30351,30351.5,2476,13,1.667,3.0,1.333,2.333,3.333,3.333,2.667,2.333,6,15,5,9,18,18,12,9,12,93,141.9,138.0,2
2015,2,6,30352,30352.5,2476,14,0.0,1.333,2.333,2.667,1.667,1.333,1.0,0.0,0,5,9,12,6,5,4,0,5,89,143.3,139.3,2
2015,2,7,30353,30353.5,2476,15,0.667,0.667,3.0,3.333,2.333,2.667,2.333,1.333,3,3,15,18,9,12,9,5,9,76,153.0,148.9,2
2015,2,8,30354,30354.5,2476,16,2.0,2.667,2.667,2.0,1.333,2.333,3.0,2.667,7,12,12,7,5,9,15,12,10,84,152.8,148.7,2
2015,2,9,30355,30355.5,2476,17,3.0,0.667,1.0,0.333,2.333,2.0,2.0,2.333,15,3,4,2,9,7,7,9,7,88,145.8,141.9,2
2015,2,10,30356,30356.5,2476,18,0.667,2.333,1.0,0.333,1.0,1.667,1.667,3.0,3,9,4,2,4,6,6,15,6,84,141.0,137.3,2
2015,2,11,30357,30357.5,2476,19,1.333,3.0,0.667,1.667,2.333,0.667,0.0,0.333,5,15,3,6,9,3,0,2,5,60,131.1,127.7,2
2015,2,12,30358,30358.5,2476,20,1.333,0.667,0.0,0.667,2.0,1.333,1.333,1.0,5,3,0,3,7,5,5,4,4,51,127.6,124.4,2
2015,2,13,30359,30359.5,2476,21,0.0,0.0,0.0,1.0,1.0,0.667,0.333,0.333,0,0,0,4,4,3,2,2,2,62,124.9,121.8,2
2015,2,14,30360,30360.5,2476,22,0.0,1.667,0.333,0.333,0.333,0.333,0.0,1.0,0,6,2,2,2,2,0,4,2,53,120.4,117.4,2
2015,2,15,30361,30361.5,2476,23,0.333,1.667,1.667,1.0,3.0,1.667,1.667,1.0,2,6,6,4,15,6,6,4,6,65,119.6,116.7,2
2015,2,16,30362,30362.5,2476,24,0.0,0.333,1.0,1.0,1.667,1.0,2.333,2.667,0,2,4,4,6,4,9,12,5,41,118.1,115.3,2
2015,2,17,30363,30363.5,2476,25,3.667,3.333,3.333,3.667,3.0,2.667,3.667,5.0,22,18,18,22,15,12,22,48,22,39,118.5,115.7,2
2015,2,18,30364,30364.5,2476,26,5.0,4.0,3.333,2.667,2.0,2.0,2.667,3.0,48,27,18,12,7,7,12,15,18,87,121.0,118.2,2
2015,2,19,30365,30365.5,2476,27,3.0,2.667,2.333,1.667,1.667,1.667,1.667,1.667,15,12,9,6,6,6,6,6,8,89,118.7,116.0,2
2015,2,20,30366,30366.5,2477,1,0.667,1.667,1.667,1.667,1.667,0.667,0.667,2.0,3,6,6,6,6,3,3,7,5,64,119.7,117.0,2
2015,2,21,30367,30367.5,2477,2,2.667,2.667,1.0,1.333,1.667,1.0,1.0,2.333,12,12,4,5,6,4,4,9,7,58,116.1,113.6,2
2015,2,22,30368,30368.5,2477,3,2.333,2.333,1.0,1.667,1.333,1.333,0.667,2.333,9,9,4,6,5,5,3,9,6,43,117.5,115.0,2
2015,2,23,30369,30369.5,2477,4,3.0,2.667,2.667,3.333,3.333,3.333,3.0,3.667,15,12,12,18,18,18,15,22,16,46,116.8,114.3,2
2015,2,24,30370,30370.5,2477,5,5.333,5.333,4.0,3.667,2.667,2.333,1.333,2.667,56,56,27,22,12,9,5,12,25,44,114.4,112.1,2
2015,2,25,30371,30371.5,2477,6,0.667,1.333,3.0,2.0,3.0,2.667,2.0,0.333,3,5,15,7,15,12,7,2,8,21,111.0,108.8,2
2015,2,26,30372,30372.5,2477,7,1.667,0.333,1.333,1.333,1.0,0.0,0.333,1.0,6,2,5,5,4,0,2,4,4,22,111.3,109.1,2
2015,2,27,30373,30373.5,2477,8,0.0,0.0,0.333,0.333,0.667,1.0,0.333,1.333,0,0,2,2,3,4,2,5,2,58,118.0,115.7,2
2015,2,28,30374,30374.5,2477,9,0.667,2.667,2.333,2.0,2.0,3.0,3.667,3.0,3,12,9,7,7,15,22,15,11,60,123.4,121.1,2
2015,3,1,30375,30375.5,2477,10,5.0,5.0,5.333,3.667,2.0,1.333,2.333,2.667,48,48,56,22,7,5,9,12,26,65,127.6,125.3,2
2015,3,2,30376,30376.5,2477,11,4.0,4.333,5.333,4.667,3.667,3.667,3.0,2.0,27,32,56,39,22,22,15,7,28,52,130.4,128.1,2
2015,3,3,30377,30377.5,2477,12,3.0,3.0,2.0,2.0,1.667,1.333,2.333,3.333,15,15,7,7,6,5,9,18,10,42,125.1,122.9,2
2015,3,4,30378,30378.5,2477,13,2.0,1.333,1.667,3.333,3.0,0.333,1.667,2.667,7,5,6,18,15,2,6,12,9,37,124.2,122.1,2
2015,3,5,30379,30379.5,2477,14,1.333,0.333,0.333,1.333,2.0,2.333,1.667,1.333,5,2,2,5,7,9,6,5,5,26,140.2,137.9,2
2015,3,6,30380,30380.5,2477,15,1.333,2.667,3.667,2.0,1.667,1.667,2.0,3.0,5,12,22,7,6,6,7,15,10,35,127.4,125.4,2
2015,3,7,30381,30381.5,2477,16,3.667,4.333,3.333,3.333,3.0,3.667,3.333,3.667,22,32,18,18,15,22,18,22,21,17,137.8,135.7,2
2015,3,8,30382,30382.5,2477,17,2.667,2.333,2.667,3.0,3.667,2.0,1.667,0.333,12,9,12,15,22,7,6,2,11,28,124.2,122.3,2
2015,3,9,30383,30383.5,2477,18,3.333,2.333,0.333,0.0,0.667,1.0,0.333,1.0,18,9,2,0,3,4,2,4,5,23,122.9,121.2,2
2015,3,10,30384,30384.5,2477,19,1.333,1.333,1.667,1.333,0.667,0.333,1.0,0.333,5,5,6,5,3,2,4,2,4,27,120.9,119.2,2
2015,3,11,30385,30385.5,2477,20,0.333,3.0,2.667,1.667,2.333,2.667,2.333,1.0,2,15,12,6,9,12,9,4,9,44,131.7,129.9,2
2015,3,12,30386,30386.5,2477,21,1.667,3.333,2.333,2.333,2.333,2.0,0.667,0.0,6,18,9,9,9,7,3,0,8,56,126.7,125.1,2
2015,3,13,30387,30387.5,2477,22,1.0,0.333,0.333,1.667,3.333,2.0,1.0,1.0,4,2,2,6,18,7,4,4,6,76,119.4,117.9,2
2015,3,14,30388,30388.5,2477,23,0.333,2.333,1.667,1.333,1.667,0.667,0.333,2.333,2,9,6,5,6,3,2,9,5,55,115.6,114.3,2
2015,3,15,30389,30389.5,2477,24,2.0,2.0,2.667,1.333,1.333,1.333,2.0,1.0,7,7,12,5,5,5,7,4,6,53,114.4,113.1,2
2015,3,16,30390,30390.5,2477,25,1.667,3.333,3.667,3.0,2.667,2.667,1.333,0.333,6,18,22,15,12,12,5,2,12,46,117.2,116.0,2
2015,3,17,30391,30391.5,2477,26,2.0,4.667,5.667,5.333,7.667,7.667,7.333,7.667,7,39,67,56,179,179,154,179,108,38,114.3,113.2,2
2015,3,18,30392,30392.5,2477,27,6.0,4.667,4.333,4.333,5.333,5.333,4.667,4.667,80,39,32,32,56,56,39,39,47,41,114.8,113.7,2
2015,3,19,30393,30393.5,2478,1,4.333,4.0,3.667,5.0,4.333,3.0,2.333,3.667,32,27,22,48,32,15,9,22,26,49,109.3,108.3,2
2015,3,20,30394,30394.5,2478,2,4.667,3.0,4.667,3.0,2.667,2.333,3.333,4.333,39,15,39,15,12,9,18,32,22,20,112.7,111.8,2
2015,3,21,30395,30395.5,2478,3,4.0,2.667,3.333,2.667,2.333,1.667,1.667,1.333,27,12,18,12,9,6,6,5,12,26,113.6,112.7,2
2015,3,22,30396,30396.5,2478,4,2.333,3.333,6.333,4.667,3.333,1.0,1.0,1.0,9,18,94,39,18,4,4,4,24,81,122.4,121.5,2
2015,3,23,30397,30397.5,2478,5,3.667,4.333,2.333,3.0,3.667,3.0,2.667,3.667,22,32,9,15,22,15,12,22,19,99,128.1,127.2,2
2015,3,24,30398,30398.5,2478,6,1.667,1.333,1.333,2.333,3.333,3.667,1.667,2.0,6,5,5,9,18,22,6,7,10,108,133.0,132.2,2
2015,3,25,30399,30399.5,2478,7,2.0,2.333,2.667,3.333,3.667,2.667,3.333,2.0,7,9,12,18,22,12,18,7,13,99,137.8,137.0,2
2015,3,26,30400,30400.5,2478,8,2.333,1.333,1.667,0.667,2.0,2.333,2.0,3.0,9,5,6,3,7,9,7,15,8,105,136.1,135.5,2
2015,3,27,30401,30401.5,2478,9,3.0,2.333,2.333,1.333,2.333,1.333,1.0,1.333,15,9,9,5,9,5,4,5,8,101,137.8,137.2,2
2015,3,28,30402,30402.5,2478,10,0.0,1.667,3.333,1.667,1.667,2.333,2.0,2.667,0,6,18,6,6,9,7,12,8,81,145.6,145.1,2
2015,3,29,30403,30403.5,2478,11,4.0,3.333,2.333,1.667,2.0,1.667,2.0,2.0,27,18,9,6,7,6,7,7,11,72,144.5,144.0,2
2015,3,30,30404,30404.5,2478,12,1.667,2.0,0.667,0.667,0.333,0.333,0.667,1.667,6,7,3,3,2,2,3,6,4,51,133.6,133.3,2
2015,3,31,30405,30405.5,2478,13,0.333,0.667,2.333,2.333,3.0,3.0,2.667,2.0,2,3,9,9,15,15,12,7,9,38,128.1,127.8,2
2015,4,1,30406,30406.5,2478,14,1.333,1.0,1.333,1.667,1.333,3.0,2.0,2.0,5,4,5,6,5,15,7,7,7,43,124.1,123.9,2
2015,4,2,30407,30407.5,2478,15,0.667,1.667,2.0,2.333,2.333,2.333,3.333,4.667,3,6,7,9,9,9,18,39,12,35,121.3,121.2,2
2015,4,3,30408,30408.5,2478,16,3.333,2.667,2.333,2.333,3.0,2.667,2.0,3.0,18,12,9,9,15,12,7,15,12,35,119.9,119.8,2
2015,4,4,30409,30409.5,2478,17,3.0,2.667,1.667,2.333,3.0,3.333,2.0,1.667,15,12,6,9,15,18,7,6,11,54,122.4,122.4,2
2015,4,5,30410,30410.5,2478,18,1.667,2.0,1.333,0.667,1.0,1.667,1.0,3.0,6,7,5,3,4,6,4,15,6,55,122.2,122.3,2
2015,4,6,30411,30411.5,2478,19,2.333,2.333,1.667,0.667,1.667,0.667,0.667,1.0,9,9,6,3,6,3,3,4,5,53,125.6,125.8,2
2015,4,7,30412,30412.5,2478,20,2.0,2.333,0.333,0.0,0.667,0.667,1.333,0.333,7,9,2,0,3,3,5,2,4,51,111.2,111.4,2
2015,4,8,30413,30413.5,2478,21,1.0,0.333,0.0,0.0,1.0,1.0,1.667,0.667,4,2,0,0,4,4,6,3,3,43,106.0,106.3,2
2015,4,9,30414,30414.5,2478,22,2.333,3.0,2.667,2.667,2.333,2.667,2.0,2.667,9,15,12,12,9,12,7,12,11,47,111.3,111.6,2
2015,4,10,30415,30415.5,2478,23,5.333,5.0,5.333,4.333,4.333,3.333,3.0,2.0,56,48,56,32,32,18,15,7,33,41,115.1,115.5,2
2015,4,11,30416,30416.5,2478,24,4.0,4.0,3.667,3.333,2.667,2.667,2.333,1.333,27,27,22,18,12,12,9,5,16,59,122.9,123.5,2
2015,4,12,30417,30417.5,2478,25,0.333,1.0,1.0,0.333,1.0,0.667,1.333,0.667,2,4,4,2,4,3,5,3,3,86,133.9,134.6,2
2015,4,13,30418,30418.5,2478,26,2.333,2.333,1.667,1.0,1.333,1.333,1.333,0.667,9,9,6,4,5,5,5,3,6,103,141.3,142.1,2
2015,4,14,30419,30419.5,2478,27,0.333,0.667,1.333,1.0,3.0,4.333,3.667,3.667,2,3,5,4,15,32,22,22,13,105,146.8,147.7,2
2015,4,15,30420,30420.5,2479,1,2.333,2.667,2.667,5.0,5.333,3.667,4.667,3.667,9,12,12,48,56,22,39,22,28,96,154.7,155.7,2
2015,4,16,30421,30421.5,2479,2,4.667,4.667,4.667,4.333,3.667,4.0,5.333,6.0,39,39,39,32,22,27,56,80,42,100,150.2,151.3,2
2015,4,17,30422,30422.5,2479,3,5.0,4.667,4.0,3.0,3.0,3.0,2.667,2.0,48,39,27,15,15,15,12,7,22,117,149.6,150.8,2
2015,4,18,30423,30423.5,2479,4,2.667,2.0,2.0,2.0,2.0,2.333,3.333,2.667,12,7,7,7,7,9,18,12,10,140,147.6,148.9,2
2015,4,19,30424,30424.5,2479,5,3.0,2.333,1.667,1.333,1.667,2.0,2.0,2.333,15,9,6,5,6,7,7,9,8,137,151.7,153.0,2
2015,4,20,30425,30425.5,2479,6,3.0,3.0,1.333,1.333,2.0,1.333,2.667,2.667,15,15,5,5,7,5,12,12,10,128,149.6,151.0,2
2015,4,21,30426,30426.5,2479,7,4.0,3.667,3.333,4.0,4.333,3.333,2.667,3.333,27,22,18,27,32,18,12,18,22,127,153.8,155.3,2
2015,4,22,30427,30427.5,2479,8,2.333,2.0,3.333,2.333,2.333,1.667,1.667,2.667,9,7,18,9,9,6,6,12,10,138,150.3,151.8,2
2015,4,23,30428,30428.5,2479,9,1.667,3.333,1.0,1.0,0.667,0.667,0.333,1.333,6,18,4,4,3,3,2,5,6,117,140.5,142.0,2
2015,4,24,30429,30429.5,2479,10,2.0,2.333,0.333,0.667,0.333,0.333,0.333,0.0,7,9,2,3,2,2,2,0,3,83,134.5,136.0,2
2015,4,25,30430,30430.5,2479,11,0.0,0.333,0.0,0.0,0.0,0.0,0.333,0.0,0,2,0,0,0,0,2,0,0,69,125.9,127.4,2
2015,4,26,30431,30431.5,2479,12,0.0,0.333,0.0,0.333,0.667,0.333,0.0,1.0,0,2,0,2,3,2,0,4,2,65,118.5,120.0,2
2015,4,27,30432,30432.5,2479,13,0.333,0.0,0.667,1.667,1.667,1.333,1.333,1.667,2,0,3,6,6,5,5,6,4,47,107.5,108.9,2
2015,4,28,30433,30433.5,2479,14,2.333,1.0,1.333,1.667,1.667,1.333,1.0,0.333,9,4,5,6,6,5,4,2,5,41,107.7,109.2,2
2015,4,29,30434,30434.5,2479,15,0.667,0.333,0.333,1.0,1.667,1.333,0.667,1.0,3,2,2,4,6,5,3,4,4,30,104.0,105.5,2
2015,4,30,30435,30435.5,2479,16,2.0,0.667,1.0,0.667,0.333,0.333,2.333,0.667,7,3,4,3,2,2,9,3,4,15,101.8,103.3,2
2015,5,1,30436,30436.5,2479,17,1.333,2.0,0.667,0.333,1.0,1.667,1.333,1.667,5,7,3,2,4,6,5,6,5,19,99.9,101.4,2
2015,5,2,30437,30437.5,2479,18,1.333,1.667,1.0,1.667,1.333,1.667,3.0,2.667,5,6,4,6,5,6,15,12,7,34,105.7,107.3,2
2015,5,3,30438,30438.5,2479,19,3.0,3.0,2.333,1.333,1.0,1.333,1.333,0.667,15,15,9,5,4,5,5,3,8,44,111.1,112.9,2
2015,5,4,30439,30439.5,2479,20,1.667,1.333,2.0,1.333,2.667,2.333,1.667,1.0,6,5,7,5,12,9,6,4,7,103,123.4,125.4,2
2015,5,5,30440,30440.5,2479,21,0.667,0.667,1.0,2.0,2.333,1.0,1.0,2.0,3,3,4,7,9,4,4,7,5,104,127.8,130.0,2
2015,5,6,30441,30441.5,2479,22,3.333,3.0,3.333,3.667,5.333,4.0,3.333,1.667,18,15,18,22,56,27,18,6,22,124,136.2,138.6,2
2015,5,7,30442,30442.5,2479,23,2.0,1.667,0.667,0.667,1.667,2.333,1.667,1.667,7,6,3,3,6,9,6,6,6,145,146.6,149.2,2
2015,5,8,30443,30443.5,2479,24,2.667,1.667,1.667,1.667,1.0,0.667,0.667,0.667,12,6,6,6,4,3,3,3,5,150,149.8,152.6,2
2015,5,9,30444,30444.5,2479,25,0.333,0.333,0.333,2.667,1.333,2.667,2.667,2.333,2,2,2,12,5,12,12,9,7,139,154.5,157.5,2
2015,5,10,30445,30445.5,2479,26,1.667,1.333,2.0,3.667,3.333,0.667,1.667,2.0,6,5,7,22,18,3,6,7,9,163,159.9,163.1,2
2015,5,11,30446,30446.5,2479,27,3.333,3.667,2.0,1.667,3.0,2.667,2.333,3.667,18,22,7,6,15,12,9,22,14,163,163.0,166.2,2
2015,5,12,30447,30447.5,2480,1,2.667,3.0,3.0,3.333,3.0,2.667,3.0,3.0,12,15,15,18,15,12,15,15,15,165,163.2,166.5,2
2015,5,13,30448,30448.5,2480,2,5.0,5.667,5.667,4.667,4.333,4.333,5.0,4.333,48,67,67,39,32,32,48,32,46,172,157.0,160.3,2
2015,5,14,30449,30449.5,2480,3,2.333,2.333,2.667,1.333,1.667,1.0,2.0,3.0,9,9,12,5,6,4,7,15,8,164,145.1,148.2,2
2015,5,15,30450,30450.5,2480,4,1.667,2.333,2.0,2.333,1.667,0.667,1.333,2.0,6,9,7,9,6,3,5,7,6,124,136.5,139.5,2
2015,5,16,30451,30451.5,2480,5,1.333,0.667,1.333,1.0,1.333,1.0,1.333,1.667,5,3,5,4,5,4,5,6,5,103,131.0,134.0,2
2015,5,17,30452,30452.5,2480,6,2.0,1.667,1.0,0.333,1.0,1.333,1.667,0.333,7,6,4,2,4,5,6,2,4,89,119.6,122.3,2
2015,5,18,30453,30453.5,2480,7,1.333,1.667,2.0,2.333,3.0,1.333,3.0,5.333,5,6,7,9,15,5,15,56,15,101,115.0,117.6,2
2015,5,19,30454,30454.5,2480,8,5.0,3.333,1.667,2.333,2.0,2.0,2.0,0.667,48,18,6,9,7,7,7,3,13,77,110.3,112.9,2
2015,5,20,30455,30455.5,2480,9,2.667,2.667,2.0,1.333,2.0,0.667,0.667,0.0,12,12,7,5,7,3,3,0,6,59,105.6,108.2,2
2015,5,21,30456,30456.5,2480,10,0.0,0.333,0.0,0.333,1.0,0.333,0.667,1.0,0,2,0,2,4,2,3,4,2,50,101.8,104.3,2
2015,5,22,30457,30457.5,2480,11,1.333,0.333,0.0,0.667,1.0,0.333,0.333,0.0,5,2,0,3,4,2,2,0,2,73,99.1,101.6,2
2015,5,23,30458,30458.5,2480,12,0.0,0.667,0.667,1.333,0.667,0.667,0.667,0.333,0,3,3,5,3,3,3,2,3,72,97.7,100.2,2
2015,5,24,30459,30459.5,2480,13,1.333,1.667,0.667,0.333,0.333,0.333,1.333,1.333,5,6,3,2,2,2,5,5,4,78,98.7,101.2,2
2015,5,25,30460,30460.5,2480,14,0.333,0.0,0.333,0.667,0.667,0.333,0.667,0.333,2,0,2,3,3,2,3,2,2,67,96.5,99.0,2
2015,5,26,30461,30461.5,2480,15,1.667,1.667,1.333,1.0,1.333,2.333,1.667,0.333,6,6,5,4,5,9,6,2,5,53,94.5,97.0,2
2015,5,27,30462,30462.5,2480,16,0.0,1.0,0.333,1.0,2.333,1.333,0.667,2.0,0,4,2,4,9,5,3,7,4,14,95.2,97.8,2
2015,5,28,30463,30463.5,2480,17,2.0,2.333,1.0,2.0,1.667,1.333,1.0,1.333,7,9,4,7,6,5,4,5,6,12,93.0,95.5,2
2015,5,29,30464,30464.5,2480,18,0.667,2.0,1.333,2.0,2.0,2.0,2.0,2.0,3,7,5,7,7,7,7,7,6,33,92.3,94.8,2
2015,5,30,30465,30465.5,2480,19,0.667,1.0,0.667,1.0,2.0,1.0,1.0,1.333,3,4,3,4,7,4,4,5,4,31,95.0,97.7,2
2015,5,31,30466,30466.5,2480,20,1.333,1.0,1.333,0.333,0.667,1.667,1.0,1.667,5,4,5,2,3,6,4,6,4,29,94.3,97.0,2
2015,6,1,30467,30467.5,2480,21,3.0,2.333,1.0,1.667,0.333,1.0,2.333,0.667,15,9,4,6,2,4,9,3,6,27,100.4,103.2,2
2015,6,2,30468,30468.5,2480,22,0.333,0.333,0.0,0.333,0.333,0.333,0.333,0.333,2,2,0,2,2,2,2,2,2,44,101.0,103.9,2
2015,6,3,30469,30469.5,2480,23,0.333,0.667,0.667,1.333,1.333,0.667,0.667,0.333,2,3,3,5,5,3,3,2,3,49,108.5,111.6,2
2015,6,4,30470,30470.5,2480,24,0.333,0.333,0.0,0.333,0.333,0.333,1.0,0.0,2,2,0,2,2,2,4,0,2,80,118.0,121.4,2
2015,6,5,30471,30471.5,2480,25,0.0,0.333,0.0,0.333,0.333,0.333,0.333,0.333,0,2,0,2,2,2,2,2,2,90,126.0,129.7,2
2015,6,6,30472,30472.5,2480,26,0.667,2.0,0.333,1.667,1.333,0.667,0.667,0.667,3,7,2,6,5,3,3,3,4,109,132.7,136.6,2
2015,6,7,30473,30473.5,2480,27,0.0,1.0,1.0,1.0,1.667,1.667,3.0,3.0,0,4,4,4,6,6,15,15,7,124,137.3,141.4,2
2015,6,8,30474,30474.5,2481,1,3.0,3.667,6.0,5.0,4.333,5.0,3.667,3.667,15,22,80,48,32,48,22,22,36,112,134.2,138.2,2
2015,6,9,30475,30475.5,2481,2,3.667,3.0,2.667,1.333,3.0,3.333,2.667,2.333,22,15,12,5,15,18,12,9,14,92,136.5,140.6,2
2015,6,10,30476,30476.5,2481,3,3.0,2.0,3.0,2.667,2.667,2.333,2.667,2.333,15,7,15,12,12,9,12,9,11,93,135.4,139.5,2
2015,6,11,30477,30477.5,2481,4,2.333,3.0,2.333,2.0,2.0,2.667,1.333,1.333,9,15,9,7,7,12,5,5,9,95,139.9,144.2,2
2015,6,12,30478,30478.5,2481,5,1.0,1.333,1.0,1.0,2.333,2.333,1.667,1.667,4,5,4,4,9,9,6,6,6,98,136.7,141.0,2
2015,6,13,30479,30479.5,2481,6,2.667,1.667,2.333,2.333,1.667,2.333,2.0,2.333,12,6,9,9,6,9,7,9,8,97,136.1,140.3,2
2015,6,14,30480,30480.5,2481,7,4.0,3.0,3.667,4.333,1.667,2.667,2.667,2.667,27,15,22,32,6,12,12,12,17,90,131.7,135.8,2
2015,6,15,30481,30481.5,2481,8,2.0,2.0,2.333,3.0,3.667,3.0,2.667,2.333,7,7,9,15,22,15,12,9,12,54,134.8,139.1,2
2015,6,16,30482,30482.5,2481,9,3.0,2.667,2.667,1.667,2.0,3.0,1.667,2.0,15,12,12,6,7,15,6,7,10,70,136.1,140.5,2
2015,6,17,30483,30483.5,2481,10,3.0,3.0,3.333,2.667,4.0,3.0,1.0,0.667,15,15,18,12,27,15,4,3,14,80,135.8,140.2,2
2015,6,18,30484,30484.5,2481,11,2.667,1.667,1.0,1.0,2.0,2.333,1.0,0.333,12,6,4,4,7,9,4,2,6,77,150.8,155.7,2
2015,6,19,30485,30485.5,2481,12,2.333,0.667,0.333,1.0,0.667,0.333,0.333,0.0,9,3,2,4,3,2,2,0,3,68,137.3,141.8,2
2015,6,20,30486,30486.5,2481,13,0.333,0.333,0.0,0.0,0.333,0.0,0.0,0.333,2,2,0,0,2,0,0,2,1,64,135.4,139.8,2
2015,6,21,30487,30487.5,2481,14,0.667,0.667,0.333,0.333,1.0,3.667,2.333,2.667,3,3,2,2,4,22,9,12,7,61,131.7,136.0,2
2015,6,22,30488,30488.5,2481,15,1.0,3.333,4.333,3.0,4.667,5.333,8.333,5.333,4,18,32,15,39,56,236,56,57,56,246.9,255.0,2
2015,6,23,30489,30489.5,2481,16,7.0,7.667,6.333,5.333,5.667,2.667,3.667,3.333,132,179,94,56,67,12,22,18,72,45,116.1,119.9,2
2015,6,24,30490,30490.5,2481,17,4.0,3.333,4.0,2.667,2.667,3.0,2.667,1.0,27,18,27,12,12,15,12,4,16,36,109.5,113.1,2
2015,6,25,30491,30491.5,2481,18,2.0,2.667,5.333,5.0,5.667,4.333,3.333,2.667,7,12,56,48,67,32,18,12,32,27,101.8,105.2,2
2015,6,26,30492,30492.5,2481,19,2.667,2.333,2.0,2.667,0.667,0.667,0.333,2.667,12,9,7,12,3,3,2,12,8,23,101.2,104.6,2
2015,6,27,30493,30493.5,2481,20,2.333,2.333,2.667,1.333,1.667,1.333,1.0,2.667,9,9,12,5,6,5,4,12,8,21,97.3,100.5,2
2015,6,28,30494,30494.5,2481,21,3.0,3.333,3.333,1.667,3.667,2.0,3.0,1.333,15,18,18,6,22,7,15,5,13,32,97.3,100.5,2
2015,6,29,30495,30495.5,2481,22,1.333,1.333,2.0,1.333,1.0,1.0,0.667,0.667,5,5,7,5,4,4,3,3,4,39,97.1,100.4,2
2015,6,30,30496,30496.5,2481,23,1.0,2.0,1.333,0.333,0.667,1.0,1.667,2.333,4,7,5,2,3,4,6,9,5,41,100.8,104.2,2
2015,7,1,30497,30497.5,2481,24,1.333,1.0,0.667,1.333,2.0,1.667,0.667,0.0,5,4,3,5,7,6,3,0,4,54,109.6,113.3,2
2015,7,2,30498,30498.5,2481,25,0.333,0.333,0.333,0.667,0.333,0.333,0.333,0.333,2,2,2,3,2,2,2,2,2,75,113.8,117.6,2
2015,7,3,30499,30499.5,2481,26,0.0,0.333,0.667,0.333,0.667,0.667,0.333,0.333,0,2,3,2,3,3,2,2,2,88,112.3,116.1,2
2015,7,4,30500,30500.5,2481,27,0.333,1.333,0.333,1.0,3.333,3.0,5.333,5.0,2,5,2,4,18,15,56,48,19,99,116.8,120.7,2
2015,7,5,30501,30501.5,2482,1,5.333,5.0,2.333,3.333,2.667,2.333,2.667,2.667,56,48,9,18,12,9,12,12,22,109,124.8,129.0,2
2015,7,6,30502,30502.5,2482,2,3.333,3.667,2.667,1.333,1.333,1.0,2.333,1.0,18,22,12,5,5,4,9,4,10,97,133.4,137.9,2
2015,7,7,30503,30503.5,2482,3,2.0,0.667,0.667,1.333,1.0,0.667,1.0,1.667,7,3,3,5,4,3,4,6,4,112,132.6,137.1,2
2015,7,8,30504,30504.5,2482,4,0.667,1.0,1.0,0.667,1.0,1.0,1.333,1.0,3,4,4,3,4,4,5,4,4,123,128.9,133.2,2
2015,7,9,30505,30505.5,2482,5,0.667,1.667,0.667,0.667,1.0,1.0,1.0,1.0,3,6,3,3,4,4,4,4,4,110,121.9,126.0,2
2015,7,10,30506,30506.5,2482,6,0.667,0.667,0.333,0.333,0.333,1.0,2.333,4.667,3,3,2,2,2,4,9,39,8,103,129.0,133.3,2
2015,7,11,30507,30507.5,2482,7,4.333,4.667,4.0,3.667,3.0,2.667,3.667,3.0,32,39,27,22,15,12,22,15,23,92,120.2,124.3,2
2015,7,12,30508,30508.5,2482,8,3.0,2.333,2.333,3.0,2.333,2.667,3.0,3.0,15,9,9,15,9,12,15,15,12,71,116.0,119.9,2
2015,7,13,30509,30509.5,2482,9,3.0,5.0,4.667,4.333,3.333,4.0,5.667,3.0,15,48,39,32,18,27,67,15,33,53,110.1,113.8,2
2015,7,14,30510,30510.5,2482,10,3.0,1.333,1.0,0.667,1.0,1.0,1.667,1.333,15,5,4,3,4,4,6,5,6,43,105.2,108.7,2
2015,7,15,30511,30511.5,2482,11,1.0,2.0,1.0,1.0,2.0,1.667,1.333,2.333,4,7,4,4,7,6,5,9,6,43,101.0,104.4,2
2015,7,16,30512,30512.5,2482,12,3.0,1.667,2.0,1.667,1.667,1.667,1.0,1.0,15,6,7,6,6,6,4,4,7,50,99.6,102.9,2
2015,7,17,30513,30513.5,2482,13,1.333,1.333,1.0,1.0,1.0,1.333,0.333,0.333,5,5,4,4,4,5,2,2,4,50,97.4,100.6,2
2015,7,18,30514,30514.5,2482,14,0.0,0.667,0.0,0.667,0.667,0.333,1.333,0.333,0,3,0,3,3,2,5,2,2,58,96.0,99.1,2
2015,7,19,30515,30515.5,2482,15,0.0,0.333,0.333,0.667,0.333,0.333,0.333,0.0,0,2,2,3,2,2,2,0,2,44,99.4,102.6,2
2015,7,20,30516,30516.5,2482,16,0.0,0.333,0.667,1.333,1.0,0.333,0.667,0.667,0,2,3,5,4,2,3,3,3,36,93.2,96.3,2
2015,7,21,30517,30517.5,2482,17,2.333,2.0,2.333,2.0,2.0,1.0,2.333,2.0,9,7,9,7,7,4,9,7,7,36,91.0,94.0,2
2015,7,22,30518,30518.5,2482,18,0.667,0.333,0.667,1.667,2.0,3.0,2.333,1.333,3,2,3,6,7,15,9,5,6,36,89.0,91.9,2
2015,7,23,30519,30519.5,2482,19,2.667,4.0,5.333,2.667,2.667,2.667,3.667,2.667,12,27,56,12,12,12,22,12,21,29,89.4,92.2,2
2015,7,24,30520,30520.5,2482,20,1.667,1.0,1.0,0.667,2.0,1.333,1.333,1.667,6,4,4,3,7,5,5,6,5,31,92.2,95.2,2
2015,7,25,30521,30521.5,2482,21,2.333,1.0,2.667,2.333,1.333,1.0,1.667,2.333,9,4,12,9,5,4,6,9,7,34,94.0,96.9,2
2015,7,26,30522,30522.5,2482,22,2.667,1.0,0.667,2.333,0.667,1.333,2.333,1.667,12,4,3,9,3,5,9,6,6,40,97.0,100.1,2
2015,7,27,30523,30523.5,2482,23,2.0,1.667,2.667,3.0,2.667,1.333,1.667,1.667,7,6,12,15,12,5,6,6,9,51,100.1,103.2,2
2015,7,28,30524,30524.5,2482,24,1.333,2.333,1.667,2.0,3.0,1.333,1.667,1.333,5,9,6,7,15,5,6,5,7,62,101.1,104.2,2
2015,7,29,30525,30525.5,2482,25,1.333,1.333,1.0,1.0,1.333,1.0,1.667,0.667,5,5,4,4,5,4,6,3,4,67,100.7,103.8,2
2015,7,30,30526,30526.5,2482,26,1.667,1.667,1.0,1.0,2.0,3.0,4.333,3.333,6,6,4,4,7,15,32,18,12,76,102.0,105.1,2
2015,7,31,30527,30527.5,2482,27,2.667,2.333,1.333,2.0,3.333,3.667,3.333,3.0,12,9,5,7,18,22,18,15,13,69,100.7,103.8,2
2015,8,1,30528,30528.5,2483,1,3.0,1.667,1.333,2.0,1.667,2.667,2.333,2.333,15,6,5,7,6,12,9,9,9,64,102.9,106.0,2
2015,8,2,30529,30529.5,2483,2,3.333,2.333,2.333,1.333,3.0,2.667,1.333,2.0,18,9,9,5,15,12,5,7,10,53,101.5,104.5,2
2015,8,3,30530,30530.5,2483,3,2.0,2.667,1.667,1.0,1.667,1.0,1.333,1.333,7,12,6,4,6,4,5,5,6,61,105.6,108.7,2
2015,8,4,30531,30531.5,2483,4,1.667,2.0,1.333,1.0,1.333,1.0,1.333,2.667,6,7,5,4,5,4,5,12,6,90,106.8,109.9,2
2015,8,5,30532,30532.5,2483,5,1.333,0.667,0.333,0.667,1.333,1.333,1.333,2.333,5,3,2,3,5,5,5,9,5,94,112.2,115.5,2
2015,8,6,30533,30533.5,2483,6,2.0,1.0,2.333,3.333,3.0,2.333,2.333,2.667,7,4,9,18,15,9,9,12,10,108,121.6,125.1,2
2015,8,7,30534,30534.5,2483,7,2.667,2.0,4.333,2.333,5.0,4.0,1.667,1.333,12,7,32,9,48,27,6,5,18,112,122.1,125.5,2
2015,8,8,30535,30535.5,2483,8,1.667,2.0,2.667,2.667,3.0,2.0,2.667,2.667,6,7,12,12,15,7,12,12,10,93,121.0,124.4,2
2015,8,9,30536,30536.5,2483,9,1.333,2.333,2.333,3.333,2.0,2.333,2.0,3.0,5,9,9,18,7,9,7,15,10,76,114.5,117.6,2
2015,8,10,30537,30537.5,2483,10,2.667,2.667,2.333,2.0,1.667,1.667,2.333,1.333,12,12,9,7,6,6,9,5,8,69,106.2,109.1,2
2015,8,11,30538,30538.5,2483,11,2.667,2.333,2.0,1.667,1.0,1.333,0.667,2.333,12,9,7,6,4,5,3,9,7,78,102.8,105.6,2
2015,8,12,30539,30539.5,2483,12,2.0,2.0,2.667,1.0,2.333,3.0,2.667,3.333,7,7,12,4,9,15,12,18,10,66,99.2,101.9,2
2015,8,13,30540,30540.5,2483,13,3.0,4.333,2.0,1.667,2.333,1.333,1.0,1.0,15,32,7,6,9,5,4,4,10,55,94.8,97.3,2
2015,8,14,30541,30541.5,2483,14,0.0,0.333,0.0,0.667,0.667,0.667,0.667,1.0,0,2,0,3,3,3,3,4,2,46,93.2,95.7,2
2015,8,15,30542,30542.5,2483,15,2.333,1.667,3.333,6.0,6.0,4.667,3.333,4.333,9,6,18,80,80,39,18,32,35,39,89.4,91.7,2
2015,8,16,30543,30543.5,2483,16,5.333,4.667,5.667,3.333,2.667,3.667,3.667,3.667,56,39,67,18,12,22,22,22,32,38,85.6,87.8,2
2015,8,17,30544,30544.5,2483,17,3.333,4.0,4.333,3.667,4.0,3.667,3.667,2.333,18,27,32,22,27,22,22,9,22,33,87.0,89.2,2
2015,8,18,30545,30545.5,2483,18,3.0,2.667,2.333,1.333,0.667,1.667,1.0,2.333,15,12,9,5,3,6,4,9,8,39,88.7,90.9,2
2015,8,19,30546,30546.5,2483,19,3.667,4.0,3.333,2.667,3.667,3.333,2.667,2.333,22,27,18,12,22,18,12,9,18,50,98.2,100.6,2
2015,8,20,30547,30547.5,2483,20,2.667,2.667,2.0,2.333,3.333,2.333,2.667,2.667,12,12,7,9,18,9,12,12,11,65,102.8,105.3,2
2015,8,21,30548,30548.5,2483,21,1.0,1.333,1.667,1.0,2.333,1.0,1.333,1.0,4,5,6,4,9,4,5,4,5,73,118.6,121.4,2
2015,8,22,30549,30549.5,2483,22,1.667,0.667,1.0,2.333,3.333,2.333,2.0,2.333,6,3,4,9,18,9,7,9,8,71,116.9,119.6,2
2015,8,23,30550,30550.5,2483,23,3.0,2.667,5.333,4.667,4.667,2.667,3.667,2.333,15,12,56,39,39,12,22,9,26,81,133.1,136.1,2
2015,8,24,30551,30551.5,2483,24,3.0,1.667,1.667,1.667,1.667,1.0,1.667,0.667,15,6,6,6,6,4,6,3,6,81,127.7,130.6,2
2015,8,25,30552,30552.5,2483,25,2.0,2.333,2.0,1.667,1.0,1.667,2.667,2.333,7,9,7,6,4,6,12,9,8,69,121.2,123.9,2
2015,8,26,30553,30553.5,2483,26,3.0,3.333,3.0,4.0,4.0,4.667,4.667,4.667,15,18,15,27,27,39,39,39,27,47,126.2,128.9,2
2015,8,27,30554,30554.5,2483,27,4.667,6.333,5.667,4.0,4.0,4.667,4.0,6.333,39,94,67,27,27,39,27,94,52,55,110.2,112.5,2
2015,8,28,30555,30555.5,2484,1,5.333,4.667,3.0,3.0,5.0,5.333,5.667,4.0,56,39,15,15,48,56,67,27,40,44,109.1,111.3,2
2015,8,29,30556,30556.5,2484,2,4.333,2.667,2.0,3.333,1.667,2.667,2.667,2.0,32,12,7,18,6,12,12,7,13,56,100.1,102.1,2
2015,8,30,30557,30557.5,2484,3,1.667,0.667,1.0,0.667,0.333,0.667,1.0,1.333,6,3,4,3,2,3,4,5,4,56,91.6,93.4,2
2015,8,31,30558,30558.5,2484,4,1.333,1.0,0.333,0.667,0.667,1.0,1.667,1.667,5,4,2,3,3,4,6,6,4,35,91.0,92.7,2
2015,9,1,30559,30559.5,2484,5,1.667,1.0,0.667,1.333,1.0,0.667,1.0,1.667,6,4,3,5,4,3,4,6,4,43,89.0,90.7,2
2015,9,2,30560,30560.5,2484,6,2.0,1.333,0.667,0.333,1.667,2.333,3.0,2.333,7,5,3,2,6,9,15,9,7,36,88.2,89.8,2
2015,9,3,30561,30561.5,2484,7,2.0,2.667,1.333,1.0,1.0,1.667,1.667,3.333,7,12,5,4,4,6,6,18,8,29,86.5,88.0,2
2015,9,4,30562,30562.5,2484,8,4.333,4.0,4.333,3.333,3.333,2.333,2.333,2.667,32,27,32,18,18,9,9,12,20,37,89.9,91.5,2
2015,9,5,30563,30563.5,2484,9,1.667,2.333,2.667,2.0,2.333,3.667,3.667,2.0,6,9,12,7,9,22,22,7,12,27,85.4,86.8,2
2015,9,6,30564,30564.5,2484,10,2.333,2.667,2.667,2.667,3.0,2.333,4.0,2.0,9,12,12,12,15,9,27,7,13,43,85.6,86.9,2
2015,9,7,30565,30565.5,2484,11,2.333,3.0,3.667,2.667,4.667,6.333,5.667,6.333,9,15,22,12,39,94,67,94,44,44,83.7,85.0,2
2015,9,8,30566,30566.5,2484,12,6.0,5.333,2.667,1.333,2.0,2.0,1.667,3.667,80,56,12,5,7,7,6,22,24,42,83.5,84.7,2
2015,9,9,30567,30567.5,2484,13,4.0,5.667,6.0,6.0,5.333,4.667,5.667,5.333,27,67,80,80,56,39,67,56,59,57,82.3,83.5,2
2015,9,10,30568,30568.5,2484,14,2.667,1.0,1.667,1.0,2.0,3.333,4.333,3.0,12,4,6,4,7,18,32,15,12,46,83.5,84.6,2
2015,9,11,30569,30569.5,2484,15,3.0,4.0,7.0,6.333,5.667,6.667,3.0,3.667,15,27,132,94,67,111,15,22,60,81,92.8,94.1,2
2015,9,12,30570,30570.5,2484,16,4.0,3.0,4.333,3.667,2.667,2.333,1.333,1.667,27,15,32,22,12,9,5,6,16,89,99.1,100.4,2
2015,9,13,30571,30571.5,2484,17,1.0,1.333,1.667,2.667,2.0,3.667,3.333,2.667,4,5,6,12,7,22,18,12,11,83,98.8,100.0,2
2015,9,14,30572,30572.5,2484,18,2.0,2.0,1.667,2.333,2.0,4.667,4.0,2.667,7,7,6,9,7,39,27,12,14,56,96.5,97.7,2
2015,9,15,30573,30573.5,2484,19,4.0,3.333,2.333,3.333,3.667,3.0,2.333,3.0,27,18,9,18,22,15,9,15,17,68,101.1,102.2,2
2015,9,16,30574,30574.5,2484,20,2.333,2.667,2.0,1.333,2.333,3.333,2.667,3.333,9,12,7,5,9,18,12,18,11,86,109.4,110.6,2
2015,9,17,30575,30575.5,2484,21,4.333,2.333,2.333,2.333,1.333,0.667,0.333,2.667,32,9,9,9,5,3,2,12,10,75,106.8,107.9,2
2015,9,18,30576,30576.5,2484,22,2.0,2.0,3.333,2.667,3.0,2.0,3.0,2.333,7,7,18,12,15,7,15,9,11,71,102.8,103.8,2
2015,9,19,30577,30577.5,2484,23,3.667,4.0,4.667,2.667,1.667,0.333,1.0,3.0,22,27,39,12,6,2,4,15,16,64,105.7,106.7,2
2015,9,20,30578,30578.5,2484,24,3.0,4.667,7.0,5.333,4.333,5.0,2.667,3.0,15,39,132,56,32,48,12,15,44,65,110.4,111.3,2
2015,9,21,30579,30579.5,2484,25,3.333,2.667,1.667,2.333,1.667,1.667,1.0,1.0,18,12,6,9,6,6,4,4,8,78,103.4,104.2,2
2015,9,22,30580,30580.5,2484,26,2.333,2.333,3.667,1.667,2.667,2.0,1.667,1.333,9,9,22,6,12,7,6,5,10,86,107.0,107.8,2
2015,9,23,30581,30581.5,2484,27,1.333,1.667,3.333,3.0,2.333,3.667,3.333,1.333,5,6,18,15,9,22,18,5,12,96,110.7,111.4,2
2015,9,24,30582,30582.5,2485,1,2.667,2.333,1.667,1.0,1.0,1.0,1.667,2.333,12,9,6,4,4,4,6,9,7,101,106.8,107.4,2
2015,9,25,30583,30583.5,2485,2,2.0,1.667,1.333,2.333,3.0,0.667,0.333,1.333,7,6,5,9,15,3,2,5,6,152,119.8,120.5,2
2015,9,26,30584,30584.5,2485,3,1.333,0.667,0.333,0.333,0.333,1.667,2.0,1.333,5,3,2,2,2,6,7,5,4,162,120.2,120.8,2
2015,9,27,30585,30585.5,2485,4,0.667,1.0,0.667,0.333,0.333,0.333,1.333,1.333,3,4,3,2,2,2,5,5,3,169,127.5,128.1,2
2015,9,28,30586,30586.5,2485,5,1.0,0.667,0.0,0.333,0.667,1.0,1.333,1.667,4,3,0,2,3,4,5,6,3,156,124.0,124.5,2
2015,9,29,30587,30587.5,2485,6,2.333,2.667,1.333,1.333,0.0,0.333,0.333,0.667,9,12,5,5,0,2,2,3,5,120,129.2,129.6,2
2015,9,30,30588,30588.5,2485,7,0.0,0.0,0.0,0.667,0.667,0.333,0.333,0.667,0,0,0,3,3,2,2,3,2,95,131.1,131.5,2
2015,10,1,30589,30589.5,2485,8,1.0,1.0,1.333,1.0,2.667,3.667,3.0,3.333,4,4,5,4,12,22,15,18,10,93,119.7,120.0,2
2015,10,2,30590,30590.5,2485,9,2.667,3.667,3.667,2.333,2.667,2.333,2.0,1.667,12,22,22,9,12,9,7,6,12,62,107.4,107.6,2
2015,10,3,30591,30591.5,2485,10,2.0,3.333,2.667,1.667,2.0,2.667,2.333,1.333,7,18,12,6,7,12,9,5,10,51,96.9,97.0,2
2015,10,4,30592,30592.5,2485,11,3.667,4.333,4.0,2.333,2.667,1.667,2.0,3.667,22,32,27,9,12,6,7,22,17,22,88.3,88.3,2
2015,10,5,30593,30593.5,2485,12,3.667,3.667,3.667,5.0,3.0,1.333,1.667,2.0,22,22,22,48,15,5,6,7,18,20,82.6,82.6,2
2015,10,6,30594,30594.5,2485,13,2.333,3.667,2.667,1.667,3.0,3.333,4.333,4.333,9,22,12,6,15,18,32,32,18,26,81.4,81.3,2
2015,10,7,30595,30595.5,2485,14,3.667,6.0,5.667,5.0,5.0,6.333,7.333,6.0,22,80,67,48,48,94,154,80,74,33,80.5,80.4,2
2015,10,8,30596,30596.5,2485,15,4.667,5.667,5.667,4.333,5.0,4.667,4.667,4.333,39,67,67,32,48,39,39,32,45,37,79.7,79.5,2
2015,10,9,30597,30597.5,2485,16,4.0,3.667,2.667,3.333,4.667,4.667,4.333,4.0,27,22,12,18,39,39,32,27,27,26,81.2,81.0,2
2015,10,10,30598,30598.5,2485,17,3.333,3.0,3.333,1.667,1.667,2.667,1.333,2.0,18,15,18,6,6,12,5,7,11,13,81.4,81.2,2
2015,10,11,30599,30599.5,2485,18,3.667,2.667,1.333,1.333,2.667,2.333,3.0,3.0,22,12,5,5,12,9,15,15,12,30,84.6,84.3,2
2015,10,12,30600,30600.5,2485,19,1.0,2.667,2.667,4.0,3.333,5.0,3.667,4.0,4,12,12,27,18,48,22,27,21,53,89.1,88.7,2
2015,10,13,30601,30601.5,2485,20,2.0,3.667,4.333,4.333,2.333,4.0,4.333,4.333,7,22,32,32,9,27,32,32,24,65,95.6,95.2,2
2015,10,14,30602,30602.5,2485,21,4.0,4.333,4.0,4.0,3.667,2.667,3.0,2.333,27,32,27,27,22,12,15,9,21,57,100.7,100.2,2
2015,10,15,30603,30603.5,2485,22,2.667,2.0,2.0,2.0,1.333,1.333,2.0,2.667,12,7,7,7,5,5,7,12,8,55,106.8,106.1,2
2015,10,16,30604,30604.5,2485,23,2.667,2.667,1.667,1.0,1.667,1.333,0.333,1.333,12,12,6,4,6,5,2,5,6,59,109.1,108.4,2
2015,10,17,30605,30605.5,2485,24,2.0,2.667,1.667,2.0,2.333,2.333,3.667,1.667,7,12,6,7,9,9,22,6,10,79,116.6,115.8,2
2015,10,18,30606,30606.5,2485,25,3.0,3.0,3.667,4.667,3.333,3.667,2.333,2.333,15,15,22,39,18,22,9,9,19,75,119.5,118.6,2
2015,10,19,30607,30607.5,2485,26,0.0,1.667,1.0,1.0,1.0,0.667,1.0,1.0,0,6,4,4,4,3,4,4,4,94,123.7,122.7,2
2015,10,20,30608,30608.5,2485,27,2.0,2.667,1.667,1.667,2.333,2.0,2.333,2.333,7,12,6,6,9,7,9,9,8,95,122.8,121.7,2
2015,10,21,30609,30609.5,2486,1,1.0,2.333,1.667,3.333,3.667,2.0,2.0,1.333,4,9,6,18,22,7,7,5,10,89,129.0,127.8,2
2015,10,22,30610,30610.5,2486,2,1.0,0.667,1.667,0.333,0.667,1.667,2.0,1.333,4,3,6,2,3,6,7,5,4,107,120.5,119.3,2
2015,10,23,30611,30611.5,2486,3,2.333,0.667,0.667,1.0,1.667,2.0,1.333,2.0,9,3,3,4,6,7,5,7,6,94,114.9,113.7,2
2015,10,24,30612,30612.5,2486,4,2.333,2.667,2.333,0.667,0.667,0.667,3.667,2.667,9,12,9,3,3,3,22,12,9,78,106.3,105.2,2
2015,10,25,30613,30613.5,2486,5,2.0,1.667,2.333,1.333,2.667,1.667,0.667,0.667,7,6,9,5,12,6,3,3,6,67,106.4,105.2,2
2015,10,26,30614,30614.5,2486,6,0.333,0.0,0.667,0.333,0.333,0.0,0.333,0.0,2,0,3,2,2,0,2,0,1,78,106.2,104.9,2
2015,10,27,30615,30615.5,2486,7,0.0,0.333,0.333,0.667,1.333,0.333,1.0,2.0,0,2,2,3,5,2,4,7,3,67,110.1,108.7,2
2015,10,28,30616,30616.5,2486,8,0.0,1.0,0.0,0.0,0.0,0.333,0.0,0.0,0,4,0,0,0,2,0,0,1,81,112.2,110.7,2
2015,10,29,30617,30617.5,2486,9,0.333,0.0,0.667,1.0,0.667,0.667,1.333,2.333,2,0,3,4,3,3,5,9,4,93,112.9,111.4,2
2015,10,30,30618,30618.5,2486,10,2.333,0.667,0.333,1.333,2.667,3.0,1.667,3.0,9,3,2,5,12,15,6,15,8,88,121.2,119.5,2
2015,10,31,30619,30619.5,2486,11,0.333,0.333,0.667,1.333,2.0,1.667,2.0,2.667,2,2,3,5,7,6,7,12,6,86,118.5,116.7,2
2015,11,1,30620,30620.5,2486,12,1.333,3.333,2.333,2.333,3.0,1.667,2.333,0.667,5,18,9,9,15,6,9,3,9,85,124.3,122.4,2
2015,11,2,30621,30621.5,2486,13,0.333,0.0,0.333,0.333,2.667,2.333,0.0,1.333,2,0,2,2,12,9,0,5,4,101,122.0,120.1,2
2015,11,3,30622,30622.5,2486,14,2.333,3.333,5.0,4.667,4.333,4.333,4.667,3.333,9,18,48,39,32,32,39,18,29,82,124.2,122.2,2
2015,11,4,30623,30623.5,2486,15,4.333,5.333,5.0,4.333,5.0,2.667,2.333,2.0,32,56,48,32,48,12,9,7,30,100,113.8,112.0,2
2015,11,5,30624,30624.5,2486,16,2.333,1.667,3.667,3.333,2.667,4.0,3.0,3.0,9,6,22,18,12,27,15,15,16,82,109.9,108.1,2
2015,11,6,30625,30625.5,2486,17,3.667,2.0,2.0,2.333,2.0,1.333,4.0,4.333,22,7,7,9,7,5,27,32,14,78,115.2,113.2,2
2015,11,7,30626,30626.5,2486,18,4.667,6.0,6.0,4.667,4.0,3.333,3.333,1.0,39,80,80,39,27,18,18,4,38,82,115.0,112.9,2
2015,11,8,30627,30627.5,2486,19,1.333,0.667,0.667,2.0,3.333,3.0,4.333,4.0,5,3,3,7,18,15,32,27,14,75,107.7,105.7,2
2015,11,9,30628,30628.5,2486,20,4.0,3.667,4.0,3.667,3.0,3.667,4.0,4.667,27,22,27,22,15,22,27,39,25,66,107.6,105.6,2
2015,11,10,30629,30629.5,2486,21,4.333,4.0,5.0,5.333,5.333,4.333,3.667,3.667,32,27,48,56,56,32,22,22,37,71,105.4,103.3,2
2015,11,11,30630,30630.5,2486,22,4.667,3.0,4.0,3.0,3.667,4.333,3.667,1.333,39,15,27,15,22,32,22,5,22,61,105.0,102.9,2
2015,11,12,30631,30631.5,2486,23,1.0,0.333,1.333,1.667,0.667,1.0,0.667,1.0,4,2,5,6,3,4,3,4,4,60,103.5,101.4,2
2015,11,13,30632,30632.5,2486,24,1.667,1.333,1.0,2.333,3.0,3.667,3.667,3.667,6,5,4,9,15,22,22,22,13,49,102.9,100.8,2
2015,11,14,30633,30633.5,2486,25,3.0,2.333,2.0,2.0,2.0,1.333,1.333,2.333,15,9,7,7,7,5,5,9,8,39,106.3,104.1,2
2015,11,15,30634,30634.5,2486,26,2.0,2.333,1.333,2.0,1.333,1.333,2.0,3.0,7,9,5,7,5,5,7,15,8,56,105.8,103.5,2
2015,11,16,30635,30635.5,2486,27,3.333,2.667,2.333,2.333,3.0,2.667,2.333,2.667,18,12,9,9,15,12,9,12,12,38,105.6,103.2,2
2015,11,17,30636,30636.5,2487,1,1.667,3.0,1.0,1.333,0.667,2.667,2.667,1.667,6,15,4,5,3,12,12,6,8,34,107.1,104.6,2
2015,11,18,30637,30637.5,2487,2,0.667,2.667,1.667,2.333,2.0,3.0,3.667,5.0,3,12,6,9,7,15,22,48,15,30,107.6,105.1,2
2015,11,19,30638,30638.5,2487,3,3.667,2.0,1.667,3.0,1.667,0.333,1.0,0.333,22,7,6,15,6,2,4,2,8,41,108.1,105.6,2
2015,11,20,30639,30639.5,2487,4,0.333,1.0,2.333,2.333,0.333,0.0,0.0,1.0,2,4,9,9,2,0,0,4,4,55,111.0,108.4,2
2015,11,21,30640,30640.5,2487,5,2.0,1.0,0.333,0.333,0.0,0.0,0.333,0.333,7,4,2,2,0,0,2,2,2,58,122.2,119.2,2
2015,11,22,30641,30641.5,2487,6,0.667,0.667,0.667,0.0,0.0,0.333,0.333,0.0,3,3,3,0,0,2,2,0,2,71,122.9,119.9,2
2015,11,23,30642,30642.5,2487,7,0.0,0.0,0.667,0.0,0.667,0.0,0.333,0.333,0,0,3,0,3,0,2,2,1,56,119.7,116.7,2
2015,11,24,30643,30643.5,2487,8,0.0,0.0,0.0,0.0,0.0,0.0,0.0,0.0,0,0,0,0,0,0,0,0,0,59,113.2,110.3,2
2015,11,25,30644,30644.5,2487,9,0.0,0.0,0.0,0.0,0.0,0.0,0.0,0.0,0,0,0,0,0,0,0,0,0,61,109.0,106.2,2
2015,11,26,30645,30645.5,2487,10,0.0,0.0,0.0,0.0,0.0,0.333,1.333,1.0,0,0,0,0,0,2,5,4,1,65,103.9,101.2,2
2015,11,27,30646,30646.5,2487,11,2.333,3.0,1.667,1.333,1.0,1.0,0.667,1.333,9,15,6,5,4,4,3,5,6,61,98.9,96.3,2
2015,11,28,30647,30647.5,2487,12,1.0,1.0,0.667,1.333,2.333,1.0,2.333,2.667,4,4,3,5,9,4,9,12,6,51,96.6,94.0,2
2015,11,29,30648,30648.5,2487,13,1.0,1.0,1.667,1.667,2.0,1.667,3.0,3.0,4,4,6,6,7,6,15,15,8,51,95.5,92.9,2
2015,11,30,30649,30649.5,2487,14,3.0,3.333,5.0,3.667,2.333,1.667,2.333,2.333,15,18,48,22,9,6,9,9,17,47,95.7,93.1,2
2015,12,1,30650,30650.5,2487,15,2.333,3.0,1.0,2.0,3.0,3.667,2.667,3.667,9,15,4,7,15,22,12,22,13,32,94.6,91.9,2
2015,12,2,30651,30651.5,2487,16,2.0,2.0,2.667,1.333,2.333,2.333,1.667,1.667,7,7,12,5,9,9,6,6,8,49,95.3,92.6,2
2015,12,3,30652,30652.5,2487,17,1.0,1.333,1.0,0.333,0.333,0.333,1.0,1.333,4,5,4,2,2,2,4,5,4,36,94.5,91.8,2
2015,12,4,30653,30653.5,2487,18,1.0,2.333,1.333,0.333,0.333,0.667,0.333,1.667,4,9,5,2,2,3,2,6,4,33,97.6,94.8,2
2015,12,5,30654,30654.5,2487,19,1.333,1.333,3.667,3.667,2.333,3.333,3.333,3.0,5,5,22,22,9,18,18,15,14,50,100.5,97.6,2
2015,12,6,30655,30655.5,2487,20,2.0,4.0,2.667,4.333,4.333,3.667,3.667,3.667,7,27,12,32,32,22,22,22,22,54,102.2,99.3,2
2015,12,7,30656,30656.5,2487,21,3.333,3.667,3.333,3.333,3.667,3.667,3.667,2.333,18,22,18,18,22,22,22,9,19,61,100.7,97.8,2
2015,12,8,30657,30657.5,2487,22,3.667,2.667,1.667,2.667,2.667,1.333,1.0,2.333,22,12,6,12,12,5,4,9,10,60,111.2,107.9,2
2015,12,9,30658,30658.5,2487,23,2.333,2.667,0.333,1.0,1.333,2.333,3.333,1.667,9,12,2,4,5,9,18,6,8,78,108.8,105.5,2
2015,12,10,30659,30659.5,2487,24,3.333,5.0,3.667,3.333,2.667,3.667,3.667,4.0,18,48,22,18,12,22,22,27,24,82,108.5,105.2,2
2015,12,11,30660,30660.5,2487,25,4.0,3.0,2.667,3.333,3.0,4.333,3.333,3.0,27,15,12,18,15,32,18,15,19,83,113.7,110.3,2
2015,12,12,30661,30661.5,2487,26,2.667,3.333,2.667,1.667,2.0,2.333,2.0,2.0,12,18,12,6,7,9,7,7,10,83,116.7,113.1,2
2015,12,13,30662,30662.5,2487,27,2.667,2.667,2.0,2.0,1.667,1.0,0.333,0.667,12,12,7,7,6,4,2,3,7,81,122.5,118.7,2
2015,12,14,30663,30663.5,2488,1,2.0,2.0,0.667,1.0,3.0,4.333,4.667,5.333,7,7,3,4,15,32,39,56,20,86,124.0,120.2,2
2015,12,15,30664,30664.5,2488,2,4.667,3.667,2.333,1.667,3.0,3.333,1.333,2.667,39,22,9,6,15,18,5,12,16,65,118.9,115.2,2
2015,12,16,30665,30665.5,2488,3,3.667,3.0,0.333,0.333,0.0,0.333,0.333,0.333,22,15,2,2,0,2,2,2,6,63,126.2,122.2,2
2015,12,17,30666,30666.5,2488,4,0.333,0.333,0.333,1.0,1.333,2.0,3.667,2.0,2,2,2,4,5,7,22,7,6,56,117.8,114.0,2
2015,12,18,30667,30667.5,2488,5,1.667,0.667,1.333,0.667,0.667,0.667,0.667,2.667,6,3,5,3,3,3,3,12,5,54,117.1,113.3,2
2015,12,19,30668,30668.5,2488,6,1.0,0.667,0.333,0.667,1.0,3.333,3.667,4.0,4,3,2,3,4,18,22,27,10,49,119.0,115.2,2
2015,12,20,30669,30669.5,2488,7,4.0,6.0,5.667,4.333,5.333,6.333,6.667,6.333,27,80,67,32,56,94,111,94,70,22,116.6,112.8,2
2015,12,21,30670,30670.5,2488,8,6.667,6.0,5.0,3.667,3.0,2.333,1.333,3.0,111,80,48,22,15,9,5,15,38,18,121.7,117.8,2
2015,12,22,30671,30671.5,2488,9,2.667,2.0,3.333,4.333,2.333,1.0,2.333,2.333,12,7,18,32,9,4,9,9,12,72,130.1,125.8,2
2015,12,23,30672,30672.5,2488,10,2.0,2.333,1.667,2.0,2.333,2.0,2.667,3.333,7,9,6,7,9,7,12,18,9,68,133.9,129.5,2
2015,12,24,30673,30673.5,2488,11,2.333,2.667,3.333,1.667,2.667,2.0,2.667,2.333,9,12,18,6,12,7,12,9,11,69,132.7,128.4,2
2015,12,25,30674,30674.5,2488,12,2.333,2.0,2.333,2.0,1.667,1.667,2.0,1.667,9,7,9,7,6,6,7,6,7,76,126.4,122.3,2
2015,12,26,30675,30675.5,2488,13,2.667,2.0,2.0,2.333,3.333,3.0,2.333,4.333,12,7,7,9,18,15,9,32,14,65,117.4,113.5,2
2015,12,27,30676,30676.5,2488,14,2.667,2.0,2.333,2.333,3.0,2.333,2.0,2.0,12,7,9,9,15,9,7,7,9,67,110.3,106.7,2
2015,12,28,30677,30677.5,2488,15,1.333,0.667,1.333,2.0,1.667,0.667,0.333,1.333,5,3,5,7,6,3,2,5,4,71,112.1,108.4,2
2015,12,29,30678,30678.5,2488,16,2.333,0.667,0.333,0.667,2.0,1.667,2.0,2.333,9,3,2,3,7,6,7,9,6,57,105.4,101.9,2
2015,12,30,30679,30679.5,2488,17,0.0,0.0,0.333,0.667,1.0,0.667,0.667,1.333,0,0,2,3,4,3,3,5,2,37,101.5,98.1,2
2015,12,31,30680,30680.5,2488,18,3.333,3.0,3.667,4.0,5.333,4.0,5.0,5.667,18,15,22,27,56,27,48,67,35,22,96.2,93.0,2
2016,1,1,30681,30681.5,2488,19,6.0,5.333,5.0,3.333,1.667,1.0,2.0,1.667,80,56,48,18,6,4,7,6,28,37,98.4,95.1,2
2016,1,2,30682,30682.5,2488,20,3.0,2.333,3.0,2.333,2.333,1.667,1.667,1.333,15,9,15,9,9,6,6,5,9,40,100.0,96.6,2
2016,1,3,30683,30683.5,2488,21,0.333,1.667,2.0,0.667,1.333,2.333,1.667,2.667,2,6,7,3,5,9,6,12,6,51,101.9,98.5,2
2016,1,4,30684,30684.5,2488,22,0.333,1.667,1.667,0.667,0.667,2.0,1.667,0.667,2,6,6,3,3,7,6,3,4,70,95.3,92.2,2
2016,1,5,30685,30685.5,2488,23,0.333,1.0,1.0,1.667,1.0,2.0,2.333,2.0,2,4,4,6,4,7,9,7,5,35,95.2,92.1,2
2016,1,6,30686,30686.5,2488,24,4.667,2.667,3.0,3.333,2.667,2.333,2.333,3.333,39,12,15,18,12,9,9,18,16,31,100.2,96.9,2
2016,1,7,30687,30687.5,2488,25,4.0,2.667,2.667,3.333,2.667,2.667,2.333,1.333,27,12,12,18,12,12,9,5,13,61,103.4,99.9,2
2016,1,8,30688,30688.5,2488,26,1.0,2.333,1.667,2.333,3.0,1.333,1.333,1.333,4,9,6,9,15,5,5,5,7,86,108.5,104.9,2
2016,1,9,30689,30689.5,2488,27,1.667,1.0,1.333,1.0,2.0,1.667,1.0,1.333,6,4,5,4,7,6,4,5,5,97,107.0,103.5,2
2016,1,10,30690,30690.5,2489,1,2.333,1.667,1.0,2.0,2.333,1.333,2.333,2.667,9,6,4,7,9,5,9,12,8,90,108.9,105.4,2
2016,1,11,30691,30691.5,2489,2,1.333,2.667,2.333,1.667,2.0,3.0,4.0,3.667,5,12,9,6,7,15,27,22,13,47,108.0,104.5,2
2016,1,12,30692,30692.5,2489,3,4.0,2.0,2.667,2.333,2.333,2.0,3.0,3.0,27,7,12,9,9,7,15,15,13,40,105.5,102.0,2
2016,1,13,30693,30693.5,2489,4,4.0,4.0,2.0,1.667,2.333,2.333,3.0,1.0,27,27,7,6,9,9,15,4,13,38,104.1,100.7,2
2016,1,14,30694,30694.5,2489,5,1.333,2.0,2.333,2.0,1.667,1.667,1.667,2.667,5,7,9,7,6,6,6,12,7,41,103.2,99.9,2
2016,1,15,30695,30695.5,2489,6,2.0,2.0,1.0,0.667,0.667,1.0,1.0,1.0,7,7,4,3,3,4,4,4,4,45,103.5,100.1,2
2016,1,16,30696,30696.5,2489,7,0.0,1.0,0.667,1.333,1.0,0.333,0.333,0.333,0,4,3,5,4,2,2,2,3,44,99.9,96.7,2
2016,1,17,30697,30697.5,2489,8,0.333,0.0,1.333,0.667,1.0,1.0,0.667,0.333,2,0,5,3,4,4,3,2,3,58,100.6,97.4,2
2016,1,18,30698,30698.5,2489,9,0.0,0.0,0.0,0.333,1.0,1.667,0.667,3.0,0,0,0,2,4,6,3,15,4,54,99.9,96.7,2
2016,1,19,30699,30699.5,2489,10,4.333,2.667,2.333,2.667,1.333,1.333,0.333,1.0,32,12,9,12,5,5,2,4,10,66,97.5,94.4,2
2016,1,20,30700,30700.5,2489,11,0.333,2.0,3.333,4.333,4.667,4.667,4.667,4.333,2,7,18,32,39,39,39,32,26,62,100.4,97.2,2
2016,1,21,30701,30701.5,2489,12,3.667,5.667,5.333,3.333,2.667,3.667,4.0,4.667,22,67,56,18,12,22,27,39,33,64,104.0,100.7,2
2016,1,22,30702,30702.5,2489,13,3.333,3.333,3.333,3.0,2.333,1.667,2.667,2.333,18,18,18,15,9,6,12,9,13,67,100.5,97.3,2
2016,1,23,30703,30703.5,2489,14,1.333,3.333,3.667,2.0,3.0,2.667,1.667,1.333,5,18,22,7,15,12,6,5,11,63,98.9,95.8,2
2016,1,24,30704,30704.5,2489,15,2.667,2.333,1.667,1.0,1.333,2.333,4.0,1.0,12,9,6,4,5,9,27,4,10,48,103.8,100.6,2
2016,1,25,30705,30705.5,2489,16,0.333,0.333,0.667,0.333,0.333,0.333,0.0,0.0,2,2,3,2,2,2,0,0,2,67,107.6,104.3,2
2016,1,26,30706,30706.5,2489,17,0.0,0.0,0.667,1.0,1.0,1.333,1.667,1.0,0,0,3,4,4,5,6,4,3,69,114.8,111.3,2
2016,1,27,30707,30707.5,2489,18,1.0,2.0,1.0,1.333,1.0,0.667,0.0,0.333,4,7,4,5,4,3,0,2,4,83,112.7,109.3,2
2016,1,28,30708,30708.5,2489,19,0.333,0.0,2.333,2.333,1.0,1.0,0.667,0.667,2,0,9,9,4,4,3,3,4,77,109.9,106.6,2
2016,1,29,30709,30709.5,2489,20,0.333,0.667,0.667,0.667,0.667,0.667,0.333,0.667,2,3,3,3,3,3,2,3,3,64,106.9,103.7,2
2016,1,30,30710,30710.5,2489,21,0.333,0.0,0.333,0.333,0.333,0.667,0.0,0.667,2,0,2,2,2,3,0,3,2,36,105.1,102.0,2
2016,1,31,30711,30711.5,2489,22,1.0,1.667,2.333,2.333,2.0,2.0,1.667,3.667,4,6,9,9,7,7,6,22,9,35,101.2,98.3,2
2016,2,1,30712,30712.5,2489,23,2.667,3.667,2.333,2.333,0.333,0.333,0.0,0.0,12,22,9,9,2,2,0,0,7,44,100.2,97.3,2
2016,2,2,30713,30713.5,2489,24,0.0,0.0,1.0,0.667,1.333,2.0,2.0,2.667,0,0,4,3,5,7,7,12,5,52,102.1,99.1,2
2016,2,3,30714,30714.5,2489,25,4.0,4.667,2.667,1.0,0.667,1.0,0.667,0.333,27,39,12,4,3,4,3,2,12,83,112.1,108.9,2
2016,2,4,30715,30715.5,2489,26,0.333,0.333,1.333,1.667,2.333,1.667,1.333,0.667,2,2,5,6,9,6,5,3,5,108,123.3,119.8,2
2016,2,5,30716,30716.5,2489,27,2.667,3.333,2.333,2.333,2.0,2.0,2.333,2.0,12,18,9,9,7,7,9,7,10,103,119.7,116.3,2
2016,2,6,30717,30717.5,2490,1,1.667,2.333,1.333,1.333,1.333,1.667,1.667,2.333,6,9,5,5,5,6,6,9,6,79,117.1,113.9,2
2016,2,7,30718,30718.5,2490,2,2.0,0.333,1.0,1.333,2.0,3.667,2.0,2.0,7,2,4,5,7,22,7,7,8,89,117.1,113.9,2
2016,2,8,30719,30719.5,2490,3,5.0,4.333,4.333,1.667,1.333,1.0,1.0,0.333,48,32,32,6,5,4,4,2,17,89,115.2,112.1,2
2016,2,9,30720,30720.5,2490,4,2.0,1.0,1.333,3.0,2.667,1.333,1.333,2.667,7,4,5,15,12,5,5,12,8,84,117.3,114.1,2
2016,2,10,30721,30721.5,2490,5,2.667,1.333,1.0,0.667,0.333,0.333,0.667,1.0,12,5,4,3,2,2,3,4,4,75,112.2,109.2,2
2016,2,11,30722,30722.5,2490,6,2.0,2.0,2.0,1.333,1.667,2.333,1.667,3.333,7,7,7,5,6,9,6,18,8,85,112.8,109.8,2
2016,2,12,30723,30723.5,2490,7,3.333,2.333,2.0,3.667,3.0,2.333,2.0,2.0,18,9,7,22,15,9,7,7,12,63,112.2,109.3,2
2016,2,13,30724,30724.5,2490,8,2.0,2.667,3.0,1.667,1.0,1.0,0.667,0.667,7,12,15,6,4,4,3,3,7,38,110.3,107.5,2
2016,2,14,30725,30725.5,2490,9,2.333,2.667,2.0,2.333,2.333,3.0,1.667,1.0,9,12,7,9,9,15,6,4,9,46,108.0,105.4,2
2016,2,15,30726,30726.5,2490,10,2.333,2.333,3.0,1.667,1.667,1.0,1.0,4.333,9,9,15,6,6,4,4,32,11,50,107.3,104.7,2
2016,2,16,30727,30727.5,2490,11,4.0,2.667,3.333,4.667,5.333,5.0,5.333,4.667,27,12,18,39,56,48,56,39,37,42,104.0,101.5,2
2016,2,17,30728,30728.5,2490,12,5.0,3.333,4.333,3.0,4.0,3.667,4.667,5.667,48,18,32,15,27,22,39,67,34,38,99.9,97.5,2
2016,2,18,30729,30729.5,2490,13,4.333,5.0,4.0,4.333,3.0,3.333,4.667,3.333,32,48,27,32,15,18,39,18,29,36,94.9,92.7,2
2016,2,19,30730,30730.5,2490,14,3.0,3.333,2.333,3.333,3.0,3.667,3.667,2.0,15,18,9,18,15,22,22,7,16,46,94.0,91.9,2
2016,2,20,30731,30731.5,2490,15,2.333,2.0,2.0,0.667,1.0,0.667,0.333,0.333,9,7,7,3,4,3,2,2,5,52,100.0,97.8,2
2016,2,21,30732,30732.5,2490,16,1.0,1.667,0.667,0.0,0.667,0.667,1.667,1.667,4,6,3,0,3,3,6,6,4,47,95.6,93.5,2
2016,2,22,30733,30733.5,2490,17,0.0,0.0,0.0,0.667,1.0,1.0,0.667,1.0,0,0,0,3,4,4,3,4,2,34,93.7,91.7,2
2016,2,23,30734,30734.5,2490,18,2.333,0.667,0.333,0.333,0.667,0.667,1.667,3.0,9,3,2,2,3,3,6,15,5,37,91.0,89.1,2
2016,2,24,30735,30735.5,2490,19,2.667,1.667,1.333,1.0,2.333,1.0,1.333,1.667,12,6,5,4,9,4,5,6,6,34,87.9,86.1,2
2016,2,25,30736,30736.5,2490,20,1.667,1.667,1.667,1.0,1.0,0.667,0.667,2.0,6,6,6,4,4,3,3,7,5,26,91.7,89.9,2
2016,2,26,30737,30737.5,2490,21,3.667,2.667,1.667,1.0,1.333,0.667,1.0,0.0,22,12,6,4,5,3,4,0,7,48,89.0,87.2,2
2016,2,27,30738,30738.5,2490,22,0.0,1.333,1.333,1.0,0.333,0.333,0.667,0.667,0,5,5,4,2,2,3,3,3,26,90.4,88.6,2
2016,2,28,30739,30739.5,2490,23,1.0,0.0,1.333,1.0,1.0,0.333,0.333,0.667,4,0,5,4,4,2,2,3,3,36,93.2,91.5,2
2016,2,29,30740,30740.5,2490,24,2.0,0.0,0.667,1.0,1.0,0.333,0.333,2.0,7,0,3,4,4,2,2,7,4,45,90.9,89.3,2
2016,3,1,30741,30741.5,2490,25,3.0,2.0,1.667,1.667,2.0,1.667,1.0,2.667,15,7,6,6,7,6,4,12,8,68,96.8,95.1,2
2016,3,2,30742,30742.5,2490,26,2.333,1.0,0.667,2.0,2.333,2.667,1.0,0.333,9,4,3,7,9,12,4,2,6,78,98.2,96.5,2
2016,3,3,30743,30743.5,2490,27,1.667,2.333,2.0,2.333,2.0,1.0,0.333,1.333,6,9,7,9,7,4,2,5,6,77,98.7,97.1,2
2016,3,4,30744,30744.5,2491,1,2.667,1.667,0.0,0.667,0.333,0.667,0.333,0.333,12,6,0,3,2,3,2,2,4,111,100.5,98.9,2
2016,3,5,30745,30745.5,2491,2,0.0,0.333,1.333,1.333,2.0,0.333,0.0,0.333,0,2,5,5,7,2,0,2,3,83,96.2,94.7,2
2016,3,6,30746,30746.5,2491,3,0.0,0.667,2.0,2.0,2.667,5.0,6.0,6.333,0,3,7,7,12,48,80,94,31,78,95.5,94.1,2
2016,3,7,30747,30747.5,2491,4,4.333,4.667,3.667,2.667,2.667,3.333,3.667,4.667,32,39,22,12,12,18,22,39,24,79,94.1,92.8,2
2016,3,8,30748,30748.5,2491,5,2.333,2.0,1.667,1.667,2.0,1.333,2.333,0.667,9,7,6,6,7,5,9,3,6,63,95.5,94.2,2
2016,3,9,30749,30749.5,2491,6,2.0,1.667,1.333,1.333,2.0,1.667,1.333,1.667,7,6,5,5,7,6,5,6,6,91,97.4,96.0,2
2016,3,10,30750,30750.5,2491,7,2.0,2.667,1.667,1.333,1.333,1.0,1.667,2.333,7,12,6,5,5,4,6,9,7,80,95.0,93.7,2
2016,3,11,30751,30751.5,2491,8,1.333,2.667,3.0,3.333,5.333,3.0,3.333,2.667,5,12,15,18,56,15,18,12,19,51,94.2,93.0,2
2016,3,12,30752,30752.5,2491,9,3.0,3.0,2.0,1.667,1.0,3.333,3.333,0.667,15,15,7,6,4,18,18,3,11,70,95.0,93.9,2
2016,3,13,30753,30753.5,2491,10,0.333,1.667,0.667,1.0,0.667,0.333,0.0,0.667,2,6,3,4,3,2,0,3,3,57,92.6,91.5,2
2016,3,14,30754,30754.5,2491,11,1.667,1.333,1.333,1.0,0.667,2.333,3.333,5.0,6,5,5,4,3,9,18,48,12,70,93.4,92.4,2
2016,3,15,30755,30755.5,2491,12,4.0,4.0,4.333,3.333,1.333,2.667,5.333,3.333,27,27,32,18,5,12,56,18,24,59,94.1,93.1,2
2016,3,16,30756,30756.5,2491,13,5.0,2.667,2.667,3.0,2.667,1.333,3.0,4.667,48,12,12,15,12,5,15,39,20,79,91.0,90.1,2
2016,3,17,30757,30757.5,2491,14,4.667,4.667,3.667,4.0,2.0,3.333,3.0,2.667,39,39,22,27,7,18,15,12,22,72,91.6,90.7,2
2016,3,18,30758,30758.5,2491,15,1.333,2.0,2.333,1.667,2.0,2.0,2.0,2.333,5,7,9,6,7,7,7,9,7,47,90.3,89.5,2
2016,3,19,30759,30759.5,2491,16,2.0,3.0,3.667,3.667,3.0,3.667,2.333,1.0,7,15,22,22,15,22,9,4,14,37,89.4,88.6,2
2016,3,20,30760,30760.5,2491,17,1.333,2.667,1.333,1.333,1.667,3.667,3.667,1.667,5,12,5,5,6,22,22,6,10,36,87.6,86.9,2
2016,3,21,30761,30761.5,2491,18,2.0,1.333,1.667,1.667,1.667,1.667,1.0,2.333,7,5,6,6,6,6,4,9,6,33,88.9,88.2,2
2016,3,22,30762,30762.5,2491,19,2.333,2.333,1.333,2.0,1.0,0.333,0.333,1.667,9,9,5,7,4,2,2,6,6,20,87.3,86.7,2
2016,3,23,30763,30763.5,2491,20,1.667,3.333,3.667,1.667,1.667,1.0,1.333,2.667,6,18,22,6,6,4,5,12,10,21,86.8,86.2,2
2016,3,24,30764,30764.5,2491,21,2.667,1.667,1.667,1.0,1.333,1.333,0.667,1.333,12,6,6,4,5,5,3,5,6,35,86.5,86.0,2
2016,3,25,30765,30765.5,2491,22,3.0,1.667,1.0,1.333,1.0,1.0,0.333,0.0,15,6,4,5,4,4,2,0,5,34,85.5,85.1,2
2016,3,26,30766,30766.5,2491,23,0.0,0.0,0.667,0.333,0.667,0.333,0.667,0.667,0,0,3,2,3,2,3,3,2,32,85.5,85.1,2
2016,3,27,30767,30767.5,2491,24,2.667,2.0,3.0,2.667,2.333,3.333,2.333,2.0,12,7,15,12,9,18,9,7,11,32,88.2,87.9,2
2016,3,28,30768,30768.5,2491,25,2.0,3.667,1.0,0.667,1.667,1.333,2.667,2.667,7,22,4,3,6,5,12,12,9,30,87.7,87.4,2
2016,3,29,30769,30769.5,2491,26,3.333,3.333,2.333,2.667,2.667,2.667,1.333,1.333,18,18,9,12,12,12,5,5,11,20,87.8,87.5,2
2016,3,30,30770,30770.5,2491,27,3.333,1.667,1.333,2.0,3.333,2.333,3.333,2.0,18,6,5,7,18,9,18,7,11,17,83.8,83.6,2
2016,3,31,30771,30771.5,2492,1,3.0,2.667,1.333,0.667,1.0,1.0,0.333,1.0,15,12,5,3,4,4,2,4,6,16,81.7,81.6,2
2016,4,1,30772,30772.5,2492,2,1.333,0.0,0.0,0.0,0.333,0.333,1.0,0.667,5,0,0,0,2,2,4,3,2,12,82.1,82.0,2
2016,4,2,30773,30773.5,2492,3,2.0,0.333,0.0,0.333,2.667,5.0,4.333,5.0,7,2,0,2,12,48,32,48,19,12,81.5,81.5,2
2016,4,3,30774,30774.5,2492,4,4.333,3.333,3.0,2.667,0.667,1.667,1.667,3.667,32,18,15,12,3,6,6,22,14,12,82.3,82.3,2
2016,4,4,30775,30775.5,2492,5,2.667,2.667,1.0,1.333,1.667,0.333,0.333,1.0,12,12,4,5,6,2,2,4,6,40,83.4,83.5,2
2016,4,5,30776,30776.5,2492,6,1.0,1.0,0.333,0.667,2.0,1.333,2.667,1.333,4,4,2,3,7,5,12,5,5,33,83.4,83.5,2
2016,4,6,30777,30777.5,2492,7,2.0,1.0,1.333,2.333,2.0,2.0,0.667,1.0,7,4,5,9,7,7,3,4,6,20,87.1,87.2,2
2016,4,7,30778,30778.5,2492,8,2.0,1.0,0.667,1.333,1.0,2.333,4.667,5.667,7,4,3,5,4,9,39,67,17,18,92.3,92.5,2
2016,4,8,30779,30779.5,2492,9,4.667,2.667,1.0,0.667,0.333,0.333,0.667,0.333,39,12,4,3,2,2,3,2,8,26,98.3,98.6,2
2016,4,9,30780,30780.5,2492,10,0.0,0.0,0.0,0.333,0.667,1.0,0.333,0.333,0,0,0,2,3,4,2,2,2,25,105.5,105.9,2
2016,4,10,30781,30781.5,2492,11,1.0,2.0,2.667,1.667,1.333,0.667,0.667,2.333,4,7,12,6,5,3,3,9,6,34,110.6,111.1,2
2016,4,11,30782,30782.5,2492,12,0.0,0.0,0.0,0.667,1.667,3.0,1.667,1.0,0,0,0,3,6,15,6,4,4,43,116.6,117.2,2
2016,4,12,30783,30783.5,2492,13,2.667,2.667,1.333,2.0,3.333,3.333,4.0,5.0,12,12,5,7,18,18,27,48,18,37,111.3,111.9,2
2016,4,13,30784,30784.5,2492,14,5.0,3.667,4.0,4.0,4.0,3.667,3.333,2.667,48,22,27,27,27,22,18,12,25,48,108.2,108.8,2
2016,4,14,30785,30785.5,2492,15,3.333,3.0,2.333,4.333,4.0,4.667,3.333,3.333,18,15,9,32,27,39,18,18,22,46,111.1,111.8,2
2016,4,15,30786,30786.5,2492,16,4.0,2.0,0.333,0.667,1.333,2.0,1.333,1.667,27,7,2,3,5,7,5,6,8,33,112.4,113.2,2
2016,4,16,30787,30787.5,2492,17,0.333,0.333,2.0,2.333,2.0,3.0,3.667,3.667,2,2,7,9,7,15,22,22,11,42,113.2,114.0,2
2016,4,17,30788,30788.5,2492,18,3.667,4.0,3.333,2.0,2.667,3.0,4.0,2.667,22,27,18,7,12,15,27,12,18,36,102.1,102.9,2
2016,4,18,30789,30789.5,2492,19,2.333,1.0,1.667,1.333,0.667,0.0,1.0,0.667,9,4,6,5,3,0,4,3,4,31,94.6,95.4,2
2016,4,19,30790,30790.5,2492,20,0.0,0.333,0.333,0.333,1.0,0.333,0.0,0.333,0,2,2,2,4,2,0,2,2,28,89.1,89.9,2
2016,4,20,30791,30791.5,2492,21,0.0,1.333,1.0,1.333,0.667,0.333,0.333,0.667,0,5,4,5,3,2,2,3,3,25,83.2,84.0,2
2016,4,21,30792,30792.5,2492,22,0.333,1.667,0.667,1.0,1.0,1.333,1.333,1.0,2,6,3,4,4,5,5,4,4,26,76.8,77.5,2
2016,4,22,30793,30793.5,2492,23,2.0,1.333,1.333,1.667,3.0,3.667,2.667,4.0,7,5,5,6,15,22,12,27,12,21,76.6,77.5,2
2016,4,23,30794,30794.5,2492,24,1.333,2.333,1.0,1.667,2.333,1.667,2.667,4.667,5,9,4,6,9,6,12,39,11,13,78.7,79.6,2
2016,4,24,30795,30795.5,2492,25,1.333,1.333,1.667,1.667,3.0,4.0,3.333,1.0,5,5,6,6,15,27,18,4,11,37,81.8,82.8,2
2016,4,25,30796,30796.5,2492,26,1.0,1.333,1.667,1.667,1.667,1.333,1.0,0.0,4,5,6,6,6,5,4,0,4,45,81.9,82.9,2
2016,4,26,30797,30797.5,2492,27,0.667,0.667,0.667,1.333,1.667,1.0,2.0,2.667,3,3,3,5,6,4,7,12,5,57,85.2,86.3,2
2016,4,27,30798,30798.5,2493,1,1.0,2.0,2.333,1.667,2.667,3.0,2.333,2.333,4,7,9,6,12,15,9,9,9,76,92.6,93.8,2
2016,4,28,30799,30799.5,2493,2,2.0,1.0,1.0,1.0,1.0,0.333,0.667,0.333,7,4,4,4,4,2,3,2,4,90,94.9,96.3,2
2016,4,29,30800,30800.5,2493,3,0.667,1.0,0.0,0.333,0.333,0.333,1.0,0.667,3,4,0,2,2,2,4,3,2,82,92.4,93.8,2
2016,4,30,30801,30801.5,2493,4,0.333,1.333,1.333,1.333,2.0,2.0,2.333,3.0,2,5,5,5,7,7,9,15,7,89,94.0,95.4,2
2016,5,1,30802,30802.5,2493,5,2.333,2.0,2.0,2.333,3.0,3.333,4.0,3.667,9,7,7,9,15,18,27,22,14,87,92.2,93.6,2
2016,5,2,30803,30803.5,2493,6,5.0,5.667,1.667,2.333,2.667,3.333,4.667,4.667,48,67,6,9,12,18,39,39,30,83,89.8,91.3,2
2016,5,3,30804,30804.5,2493,7,3.333,3.333,2.333,1.667,1.333,1.667,1.667,2.333,18,18,9,6,5,6,6,9,10,73,90.0,91.5,2
2016,5,4,30805,30805.5,2493,8,1.667,1.0,0.0,1.0,1.0,1.0,0.333,0.667,6,4,0,4,4,4,2,3,3,71,90.1,91.6,2
2016,5,5,30806,30806.5,2493,9,0.0,1.333,1.667,2.0,2.0,2.333,1.0,2.0,0,5,6,7,7,9,4,7,6,60,87.1,88.7,2
2016,5,6,30807,30807.5,2493,10,2.333,1.667,1.667,2.667,3.0,3.667,4.333,3.0,9,6,6,12,15,22,32,15,15,57,89.6,91.2,2
2016,5,7,30808,30808.5,2493,11,3.667,1.0,1.333,2.0,1.667,2.0,1.0,3.0,22,4,5,7,6,7,4,15,9,34,88.0,89.7,2
2016,5,8,30809,30809.5,2493,12,5.667,6.333,6.0,4.667,5.333,5.667,5.667,6.333,67,94,80,39,56,67,67,94,70,44,84.0,85.6,2
2016,5,9,30810,30810.5,2493,13,6.333,3.667,2.667,3.333,3.667,3.0,4.0,4.0,94,22,12,18,22,15,27,27,30,52,88.5,90.2,2
2016,5,10,30811,30811.5,2493,14,3.0,3.667,3.0,2.333,3.333,2.333,2.0,2.333,15,22,15,9,18,9,7,9,13,76,88.7,90.5,2
2016,5,11,30812,30812.5,2493,15,2.667,1.667,0.333,0.333,0.333,1.333,1.333,2.0,12,6,2,2,2,5,5,7,5,79,93.9,95.8,2
2016,5,12,30813,30813.5,2493,16,0.667,1.0,0.667,1.0,1.0,0.0,0.667,1.0,3,4,3,4,4,0,3,4,3,83,92.0,93.9,2
2016,5,13,30814,30814.5,2493,17,1.0,0.667,1.667,1.333,2.0,1.667,2.333,2.0,4,3,6,5,7,6,9,7,6,78,93.4,95.4,2
2016,5,14,30815,30815.5,2493,18,2.333,1.333,2.0,2.0,2.0,1.0,2.667,3.333,9,5,7,7,7,4,12,18,9,88,101.2,103.4,2
2016,5,15,30816,30816.5,2493,19,3.0,2.667,2.0,1.333,3.333,3.667,3.667,1.0,15,12,7,5,18,22,22,4,13,87,108.4,110.8,2
2016,5,16,30817,30817.5,2493,20,2.333,3.0,2.667,3.0,3.333,2.333,2.333,1.333,9,15,12,15,18,9,9,5,12,55,102.0,104.3,2
2016,5,17,30818,30818.5,2493,21,2.333,2.0,3.333,2.667,3.0,2.667,2.667,3.0,9,7,18,12,15,12,12,15,12,38,103.2,105.6,2
2016,5,18,30819,30819.5,2493,22,1.667,2.667,1.667,2.333,2.333,1.333,0.667,1.0,6,12,6,9,9,5,3,4,7,30,102.3,104.7,2
2016,5,19,30820,30820.5,2493,23,1.333,0.667,2.333,1.667,2.333,2.667,2.0,0.667,5,3,9,6,9,12,7,3,7,43,98.8,101.2,2
2016,5,20,30821,30821.5,2493,24,2.333,2.333,1.333,1.0,1.0,0.333,0.667,2.0,9,9,5,4,4,2,3,7,5,46,99.5,102.0,2
2016,5,21,30822,30822.5,2493,25,2.333,3.0,4.667,2.333,2.667,3.333,3.0,1.0,9,15,39,9,12,18,15,4,15,18,97.8,100.2,2
2016,5,22,30823,30823.5,2493,26,1.667,2.333,2.0,2.667,2.333,1.0,0.667,0.0,6,9,7,12,9,4,3,0,6,28,97.4,99.8,2
2016,5,23,30824,30824.5,2493,27,0.333,1.0,1.333,1.667,0.667,0.0,1.0,0.333,2,4,5,6,3,0,4,2,3,16,97.4,99.8,2
2016,5,24,30825,30825.5,2494,1,1.333,1.0,1.0,2.333,1.333,0.333,0.667,0.667,5,4,4,9,5,2,3,3,4,25,94.3,96.7,2
2016,5,25,30826,30826.5,2494,2,0.333,1.0,0.333,1.0,0.667,0.333,0.333,0.0,2,4,2,4,3,2,2,0,2,35,93.6,96.1,2
2016,5,26,30827,30827.5,2494,3,0.0,0.333,0.333,0.333,0.333,0.667,1.333,1.0,0,2,2,2,2,3,5,4,2,34,91.7,94.2,2
2016,5,27,30828,30828.5,2494,4,2.333,2.333,1.0,2.0,2.0,2.0,3.0,3.0,9,9,4,7,7,7,15,15,9,34,90.4,92.8,2
2016,5,28,30829,30829.5,2494,5,3.0,2.333,4.0,2.333,2.0,3.333,2.667,2.333,15,9,27,9,7,18,12,9,13,33,87.7,90.1,2
2016,5,29,30830,30830.5,2494,6,1.667,1.333,1.333,1.667,1.0,1.333,1.667,3.0,6,5,5,6,4,5,6,15,6,33,83.0,85.3,2
2016,5,30,30831,30831.5,2494,7,4.0,2.667,2.667,2.333,1.0,2.0,1.333,2.333,27,12,12,9,4,7,5,9,11,41,86.2,88.7,2
2016,5,31,30832,30832.5,2494,8,1.667,1.0,2.333,1.667,1.333,2.333,3.333,3.667,6,4,9,6,5,9,18,22,10,36,86.6,89.0,2
2016,6,1,30833,30833.5,2494,9,1.667,1.0,1.0,0.667,1.333,1.333,2.0,1.333,6,4,4,3,5,5,7,5,5,41,86.0,88.4,2
2016,6,2,30834,30834.5,2494,10,0.333,1.0,0.333,0.667,0.667,0.333,0.333,0.667,2,4,2,3,3,2,2,3,3,14,85.2,87.7,2
2016,6,3,30835,30835.5,2494,11,1.0,0.333,0.333,0.333,0.0,0.333,0.333,0.667,4,2,2,2,0,2,2,3,2,0,83.2,85.7,2
2016,6,4,30836,30836.5,2494,12,0.667,0.333,0.333,0.333,0.333,0.667,1.333,1.333,3,2,2,2,2,3,5,5,3,10,80.0,82.4,2
2016,6,5,30837,30837.5,2494,13,1.333,2.0,2.0,3.667,5.333,4.667,5.333,4.667,5,7,7,22,56,39,56,39,29,0,79.1,81.5,2
2016,6,6,30838,30838.5,2494,14,4.333,5.333,3.667,4.0,3.667,2.0,3.0,1.667,32,56,22,27,22,7,15,6,23,0,78.5,80.8,2
2016,6,7,30839,30839.5,2494,15,1.667,1.333,0.667,2.333,2.0,2.0,3.0,3.0,6,5,3,9,7,7,15,15,8,12,78.5,80.8,2
2016,6,8,30840,30840.5,2494,16,2.0,2.0,0.667,2.0,1.667,1.667,0.333,0.333,7,7,3,7,6,6,2,2,5,14,80.1,82.6,2
2016,6,9,30841,30841.5,2494,17,2.0,0.667,0.333,0.333,1.0,0.667,0.667,0.333,7,3,2,2,4,3,3,2,3,19,85.2,87.8,2
2016,6,10,30842,30842.5,2494,18,0.333,1.0,0.333,0.667,1.333,1.333,3.333,2.333,2,4,2,3,5,5,18,9,6,33,84.9,87.5,2
2016,6,11,30843,30843.5,2494,19,3.0,1.333,1.667,1.333,2.0,2.0,2.0,3.333,15,5,6,5,7,7,7,18,9,44,88.2,90.9,2
2016,6,12,30844,30844.5,2494,20,1.333,1.667,2.333,1.667,2.667,3.0,3.667,2.0,5,6,9,6,12,15,22,7,10,42,94.1,97.1,2
2016,6,13,30845,30845.5,2494,21,2.667,3.667,1.333,1.667,2.0,1.0,1.667,0.667,12,22,5,6,7,4,6,3,8,38,91.0,93.9,2
2016,6,14,30846,30846.5,2494,22,2.667,1.667,1.333,1.667,2.0,2.667,6.333,4.0,12,6,5,6,7,12,94,27,21,38,87.6,90.4,2
2016,6,15,30847,30847.5,2494,23,4.333,2.0,2.333,3.0,2.667,2.333,1.0,0.667,32,7,9,15,12,9,4,3,11,40,87.3,90.1,2
2016,6,16,30848,30848.5,2494,24,1.667,1.333,1.333,2.0,2.333,2.0,1.333,1.333,6,5,5,7,9,7,5,5,6,28,88.2,91.0,2
2016,6,17,30849,30849.5,2494,25,1.333,1.667,1.667,2.0,2.667,2.333,2.333,0.667,5,6,6,7,12,9,9,3,7,39,86.6,89.4,2
2016,6,18,30850,30850.5,2494,26,1.667,2.333,2.333,2.333,2.333,1.333,1.667,1.667,6,9,9,9,9,5,6,6,7,47,83.6,86.3,2
2016,6,19,30851,30851.5,2494,27,1.667,1.667,2.0,0.667,1.0,1.333,0.667,0.0,6,6,7,3,4,5,3,0,4,50,85.2,87.9,2
2016,6,20,30852,30852.5,2495,1,1.0,1.0,1.333,0.333,0.667,0.667,1.0,1.0,4,4,5,2,3,3,4,4,4,36,84.3,87.1,2
2016,6,21,30853,30853.5,2495,2,0.667,0.667,0.333,0.667,1.0,0.667,0.667,0.333,3,3,2,3,4,3,3,2,3,24,80.2,82.9,2
2016,6,22,30854,30854.5,2495,3,0.667,1.0,0.667,1.333,1.667,3.333,4.667,3.333,3,4,3,5,6,18,39,18,12,23,78.3,80.9,2
2016,6,23,30855,30855.5,2495,4,1.667,3.0,0.667,0.667,1.0,3.333,2.667,3.667,6,15,3,3,4,18,12,22,10,12,77.5,80.0,2
2016,6,24,30856,30856.5,2495,5,3.333,3.667,3.0,1.667,2.333,2.333,1.667,3.0,18,22,15,6,9,9,6,15,12,12,75.7,78.2,2
2016,6,25,30857,30857.5,2495,6,2.667,2.0,1.667,0.667,1.0,1.0,2.0,2.667,12,7,6,3,4,4,7,12,7,0,77.1,79.6,2
2016,6,26,30858,30858.5,2495,7,1.667,1.333,1.667,1.333,2.0,3.0,3.0,3.667,6,5,6,5,7,15,15,22,10,0,76.6,79.2,2
2016,6,27,30859,30859.5,2495,8,3.0,2.333,2.667,1.0,1.0,1.0,1.333,2.0,15,9,12,4,4,4,5,7,8,0,75.4,78.0,2
2016,6,28,30860,30860.5,2495,9,2.333,1.667,1.333,1.333,2.0,1.333,1.0,0.333,9,6,5,5,7,5,4,2,5,0,73.1,75.5,2
2016,6,29,30861,30861.5,2495,10,1.667,1.0,1.0,0.667,0.667,1.0,1.667,0.667,6,4,4,3,3,4,6,3,4,0,73.6,76.0,2
2016,6,30,30862,30862.5,2495,11,0.333,0.667,0.333,0.667,0.333,2.0,3.0,2.667,2,3,2,3,2,7,15,12,6,0,72.9,75.4,2
2016,7,1,30863,30863.5,2495,12,3.333,2.0,2.333,2.0,1.333,0.667,0.0,0.333,18,7,9,7,5,3,0,2,6,0,72.0,74.4,2
2016,7,2,30864,30864.5,2495,13,0.667,1.0,1.0,0.667,1.333,1.0,2.667,3.667,3,4,4,3,5,4,12,22,7,11,70.9,73.3,2
2016,7,3,30865,30865.5,2495,14,2.667,2.0,1.333,1.333,1.0,2.333,2.0,2.667,12,7,5,5,4,9,7,12,8,19,72.3,74.8,2
2016,7,4,30866,30866.5,2495,15,1.667,1.667,2.0,1.333,1.0,0.333,1.667,1.0,6,6,7,5,4,2,6,4,5,0,73.8,76.3,2
2016,7,5,30867,30867.5,2495,16,1.0,1.333,0.667,0.333,0.333,0.333,0.667,0.667,4,5,3,2,2,2,3,3,3,13,72.4,74.9,2
2016,7,6,30868,30868.5,2495,17,0.0,0.333,0.333,0.667,0.667,1.0,1.333,2.667,0,2,2,3,3,4,5,12,4,13,77.1,79.7,2
2016,7,7,30869,30869.5,2495,18,2.667,2.667,2.667,2.667,3.333,4.333,4.667,4.333,12,12,12,12,18,32,39,32,21,25,83.3,86.1,2
2016,7,8,30870,30870.5,2495,19,3.333,2.333,3.333,3.667,4.0,3.667,4.0,2.333,18,9,18,22,27,22,27,9,19,41,87.1,90.0,2
2016,7,9,30871,30871.5,2495,20,3.333,2.333,3.333,2.333,3.0,3.0,2.333,1.667,18,9,18,9,15,15,9,6,12,56,92.2,95.3,2
2016,7,10,30872,30872.5,2495,21,2.333,2.0,2.0,2.667,2.667,1.667,2.333,2.0,9,7,7,12,12,6,9,7,9,50,94.4,97.6,2
2016,7,11,30873,30873.5,2495,22,2.333,2.667,1.333,2.0,2.667,2.333,2.667,2.667,9,12,5,7,12,9,12,12,10,62,94.7,97.8,2
2016,7,12,30874,30874.5,2495,23,3.0,4.333,4.333,3.667,2.333,1.667,2.667,3.333,15,32,32,22,9,6,12,18,18,59,92.4,95.5,2
2016,7,13,30875,30875.5,2495,24,3.0,2.0,1.333,1.667,1.667,1.667,1.333,2.0,15,7,5,6,6,6,5,7,7,53,96.8,100.0,2
2016,7,14,30876,30876.5,2495,25,1.667,2.333,4.0,3.333,1.667,2.0,1.667,2.0,6,9,27,18,6,7,6,7,11,58,95.1,98.2,2
2016,7,15,30877,30877.5,2495,26,2.333,3.0,2.667,2.667,1.667,2.333,1.667,2.667,9,15,12,12,6,9,6,12,10,69,102.1,105.4,2
2016,7,16,30878,30878.5,2495,27,2.667,1.333,1.333,1.333,3.0,1.333,1.667,1.0,12,5,5,5,15,5,6,4,7,60,106.6,110.1,2
2016,7,17,30879,30879.5,2496,1,1.333,1.333,0.667,1.0,1.333,1.333,1.333,2.0,5,5,3,4,5,5,5,7,5,39,105.2,108.6,2
2016,7,18,30880,30880.5,2496,2,0.667,0.667,1.0,0.667,0.333,0.333,0.333,1.333,3,3,4,3,2,2,2,5,3,64,107.1,110.6,2
2016,7,19,30881,30881.5,2496,3,1.0,0.667,0.333,0.667,0.667,0.667,0.333,5.0,4,3,2,3,3,3,2,48,8,59,100.8,104.1,2
2016,7,20,30882,30882.5,2496,4,5.0,4.667,3.667,2.333,2.333,2.333,2.667,1.0,48,39,22,9,9,9,12,4,19,56,108.0,111.5,2
2016,7,21,30883,30883.5,2496,5,0.667,0.333,1.0,1.333,1.333,2.667,0.667,2.0,3,2,4,5,5,12,3,7,5,52,100.1,103.3,2
2016,7,22,30884,30884.5,2496,6,1.333,1.333,1.333,1.667,2.333,2.667,2.333,1.667,5,5,5,6,9,12,9,6,7,39,90.4,93.3,2
2016,7,23,30885,30885.5,2496,7,2.0,3.0,3.0,1.333,1.0,0.333,0.667,1.667,7,15,15,5,4,2,3,6,7,27,86.2,88.9,2
2016,7,24,30886,30886.5,2496,8,1.667,0.667,1.0,1.333,1.667,3.667,4.667,4.0,6,3,4,5,6,22,39,27,14,13,82.2,84.8,2
2016,7,25,30887,30887.5,2496,9,4.0,3.667,3.0,3.0,3.667,3.333,2.667,2.333,27,22,15,15,22,18,12,9,18,0,73.6,75.9,2
2016,7,26,30888,30888.5,2496,10,0.667,1.333,0.667,0.333,1.0,1.0,1.0,1.333,3,5,3,2,4,4,4,5,4,0,73.5,75.9,2
2016,7,27,30889,30889.5,2496,11,0.667,0.333,0.0,0.0,0.333,0.333,0.667,2.0,3,2,0,0,2,2,3,7,2,0,71.6,73.8,2
2016,7,28,30890,30890.5,2496,12,2.333,3.333,3.0,1.667,2.0,2.667,4.0,3.333,9,18,15,6,7,12,27,18,14,13,70.3,72.5,2
2016,7,29,30891,30891.5,2496,13,3.333,3.667,3.0,3.0,2.333,2.333,2.667,1.667,18,22,15,15,9,9,12,6,13,15,70.5,72.6,2
2016,7,30,30892,30892.5,2496,14,3.0,1.333,1.0,1.0,0.667,0.667,1.0,1.0,15,5,4,4,3,3,4,4,5,21,71.0,73.1,2
2016,7,31,30893,30893.5,2496,15,1.667,0.333,0.333,1.0,0.333,1.0,0.667,0.0,6,2,2,4,2,4,3,0,3,16,71.5,73.7,2
2016,8,1,30894,30894.5,2496,16,1.333,0.333,0.0,0.0,0.333,0.667,0.667,1.333,5,2,0,0,2,3,3,5,2,12,71.9,74.1,2
2016,8,2,30895,30895.5,2496,17,1.0,1.333,1.333,2.333,2.333,3.667,4.333,5.0,4,5,5,9,9,22,32,48,17,12,74.9,77.1,2
2016,8,3,30896,30896.5,2496,18,5.0,4.0,4.667,5.0,4.0,4.667,3.0,3.0,48,27,39,48,27,39,15,15,32,0,74.8,77.0,2
2016,8,4,30897,30897.5,2496,19,3.667,3.333,2.667,2.667,3.0,4.0,3.0,1.667,22,18,12,12,15,27,15,6,16,16,76.3,78.5,2
2016,8,5,30898,30898.5,2496,20,1.333,3.667,3.667,4.0,3.0,2.667,2.0,3.333,5,22,22,27,15,12,7,18,16,38,79.8,82.1,2
2016,8,6,30899,30899.5,2496,21,3.0,1.667,2.667,3.333,2.667,2.667,2.0,3.333,15,6,12,18,12,12,7,18,12,39,83.1,85.5,2
2016,8,7,30900,30900.5,2496,22,4.333,1.667,1.333,1.333,2.667,3.0,1.667,2.667,32,6,5,5,12,15,6,12,12,51,92.7,95.3,2
2016,8,8,30901,30901.5,2496,23,3.333,2.0,1.667,1.667,2.667,3.667,2.333,0.667,18,7,6,6,12,22,9,3,10,81,96.4,99.0,2
2016,8,9,30902,30902.5,2496,24,1.333,2.667,1.667,3.333,3.333,2.667,1.667,3.333,5,12,6,18,18,12,6,18,12,72,92.3,94.9,2
2016,8,10,30903,30903.5,2496,25,3.667,3.0,3.333,3.333,2.0,2.667,3.0,3.0,22,15,18,18,7,12,15,15,15,77,95.0,97.6,2
2016,8,11,30904,30904.5,2496,26,1.667,0.667,1.333,1.667,1.333,2.333,3.0,3.0,6,3,5,6,5,9,15,15,8,79,94.7,97.2,2
2016,8,12,30905,30905.5,2496,27,3.667,3.333,2.0,2.333,2.0,1.667,1.0,1.0,22,18,7,9,7,6,4,4,10,71,94.8,97.3,2
2016,8,13,30906,30906.5,2497,1,1.333,1.333,1.0,0.667,1.0,1.333,1.667,0.667,5,5,4,3,4,5,6,3,4,58,90.5,92.9,2
2016,8,14,30907,30907.5,2497,2,1.333,0.333,0.667,1.0,1.667,0.333,0.667,0.333,5,2,3,4,6,2,3,2,3,59,87.2,89.4,2
2016,8,15,30908,30908.5,2497,3,0.667,0.333,1.333,0.667,0.333,1.0,0.0,1.0,3,2,5,3,2,4,0,4,3,63,87.6,89.8,2
2016,8,16,30909,30909.5,2497,4,0.0,0.333,0.667,0.667,1.667,1.0,1.0,3.333,0,2,3,3,6,4,4,18,5,80,86.5,88.7,2
2016,8,17,30910,30910.5,2497,5,2.667,3.0,1.333,1.0,1.333,0.333,1.667,2.667,12,15,5,4,5,2,6,12,8,58,82.9,84.9,2
2016,8,18,30911,30911.5,2497,6,1.667,3.0,1.0,1.0,1.667,1.0,0.667,1.667,6,15,4,4,6,4,3,6,6,49,82.4,84.4,2
2016,8,19,30912,30912.5,2497,7,0.333,0.0,1.333,1.333,1.0,1.333,1.0,0.667,2,0,5,5,4,5,4,3,4,47,80.8,82.7,2
2016,8,20,30913,30913.5,2497,8,2.0,1.333,1.333,0.333,0.667,0.0,0.0,0.333,7,5,5,2,3,0,0,2,3,16,78.1,80.0,2
2016,8,21,30914,30914.5,2497,9,0.0,0.0,0.333,1.0,2.667,3.667,2.333,2.667,0,0,2,4,12,22,9,12,8,14,76.7,78.4,2
2016,8,22,30915,30915.5,2497,10,1.333,1.0,1.0,0.667,0.333,0.667,1.333,1.0,5,4,4,3,2,3,5,4,4,28,80.0,81.8,2
2016,8,23,30916,30916.5,2497,11,1.333,2.0,0.333,2.333,3.333,3.0,5.0,4.667,5,7,2,9,18,15,48,39,18,48,81.3,83.1,2
2016,8,24,30917,30917.5,2497,12,5.333,2.667,1.667,3.333,3.667,2.0,2.0,3.667,56,12,6,18,22,7,7,22,19,49,78.0,79.7,2
2016,8,25,30918,30918.5,2497,13,2.0,1.333,2.333,2.667,2.0,2.667,2.667,3.333,7,5,9,12,7,12,12,18,10,48,78.7,80.3,2
2016,8,26,30919,30919.5,2497,14,2.667,1.667,0.333,0.667,1.0,2.0,1.667,1.667,12,6,2,3,4,7,6,6,6,49,81.9,83.6,2
2016,8,27,30920,30920.5,2497,15,2.0,2.333,0.667,1.667,1.0,0.667,0.667,0.0,7,9,3,6,4,3,3,0,4,58,83.9,85.6,2
2016,8,28,30921,30921.5,2497,16,0.333,0.333,0.333,1.0,0.667,0.333,0.333,0.333,2,2,2,4,3,2,2,2,2,64,85.4,87.1,2
2016,8,29,30922,30922.5,2497,17,1.0,0.0,0.333,1.333,1.667,1.667,2.333,3.0,4,0,2,5,6,6,9,15,6,68,87.8,89.5,2
2016,8,30,30923,30923.5,2497,18,2.667,2.333,1.667,1.667,3.333,4.333,4.0,4.0,12,9,6,6,18,32,27,27,17,74,100.4,102.3,2
2016,8,31,30924,30924.5,2497,19,1.667,0.667,1.0,0.667,0.667,0.667,2.667,2.667,6,3,4,3,3,3,12,12,6,77,97.5,99.3,2
2016,9,1,30925,30925.5,2497,20,4.0,3.667,4.0,3.0,4.0,3.333,4.667,5.0,27,22,27,15,27,18,39,48,28,78,95.2,96.9,2
2016,9,2,30926,30926.5,2497,21,6.0,5.333,3.0,3.333,4.667,4.0,2.667,5.0,80,56,15,18,39,27,12,48,37,67,94.6,96.3,2
2016,9,3,30927,30927.5,2497,22,3.667,5.667,4.667,4.0,4.333,4.667,4.333,4.333,22,67,39,27,32,39,32,32,36,65,99.0,100.7,2
2016,9,4,30928,30928.5,2497,23,4.333,3.333,4.0,3.667,3.667,4.0,4.333,3.667,32,18,27,22,22,27,32,22,25,49,97.4,99.0,2
2016,9,5,30929,30929.5,2497,24,3.0,3.333,3.333,2.333,1.333,3.333,4.667,3.0,15,18,18,9,5,18,39,15,17,31,93.8,95.3,2
2016,9,6,30930,30930.5,2497,25,3.0,3.0,3.0,2.333,2.667,2.333,3.667,2.333,15,15,15,9,12,9,22,9,13,43,92.4,93.9,2
2016,9,7,30931,30931.5,2497,26,3.0,3.333,1.333,2.0,3.333,3.333,1.333,1.667,15,18,5,7,18,18,5,6,12,57,93.0,94.4,2
2016,9,8,30932,30932.5,2497,27,3.0,3.667,3.0,2.333,2.333,2.0,2.333,1.667,15,22,15,9,9,7,9,6,12,53,94.5,95.9,2
2016,9,9,30933,30933.5,2498,1,2.0,0.333,0.333,0.0,1.0,0.667,0.667,1.667,7,2,2,0,4,3,3,6,3,79,91.0,92.3,2
2016,9,10,30934,30934.5,2498,2,1.0,1.333,1.333,0.667,0.0,0.0,0.333,1.667,4,5,5,3,0,0,2,6,3,78,93.0,94.3,2
2016,9,11,30935,30935.5,2498,3,0.667,0.333,0.667,0.667,1.0,1.0,1.0,0.667,3,2,3,3,4,4,4,3,3,67,86.4,87.5,2
2016,9,12,30936,30936.5,2498,4,2.0,1.667,0.667,0.667,1.667,0.333,0.667,1.333,7,6,3,3,6,2,3,5,4,59,86.5,87.5,2
2016,9,13,30937,30937.5,2498,5,1.667,1.333,1.0,1.0,0.667,0.667,0.667,1.0,6,5,4,4,3,3,3,4,4,39,86.0,87.0,2
2016,9,14,30938,30938.5,2498,6,1.333,1.333,1.333,1.667,2.333,1.667,3.0,2.333,5,5,5,6,9,6,15,9,8,28,85.2,86.2,2
2016,9,15,30939,30939.5,2498,7,2.667,2.333,1.667,1.0,0.667,0.667,0.667,1.333,12,9,6,4,3,3,3,5,6,15,84.4,85.3,2
2016,9,16,30940,30940.5,2498,8,0.0,0.0,0.0,0.333,0.667,1.0,1.667,0.333,0,0,0,2,3,4,6,2,2,13,83.7,84.5,2
2016,9,17,30941,30941.5,2498,9,1.333,0.333,0.0,1.333,0.667,0.0,0.333,1.0,5,2,0,5,3,0,2,4,3,14,80.3,81.0,2
2016,9,18,30942,30942.5,2498,10,1.333,1.0,1.667,2.333,2.333,2.0,1.0,1.333,5,4,6,9,9,7,4,5,6,38,83.0,83.8,2
2016,9,19,30943,30943.5,2498,11,1.333,0.667,2.333,2.333,2.333,2.667,1.333,3.0,5,3,9,9,9,12,5,15,8,63,82.6,83.3,2
2016,9,20,30944,30944.5,2498,12,4.333,4.333,3.667,3.667,1.667,2.667,2.667,2.333,32,32,22,22,6,12,12,9,18,53,84.5,85.2,2
2016,9,21,30945,30945.5,2498,13,4.0,2.0,2.0,3.0,1.0,0.0,1.0,1.0,27,7,7,15,4,0,4,4,8,55,85.5,86.1,2
2016,9,22,30946,30946.5,2498,14,2.0,1.0,1.667,0.667,0.667,0.0,0.0,0.0,7,4,6,3,3,0,0,0,3,36,85.1,85.7,2
2016,9,23,30947,30947.5,2498,15,0.0,1.0,1.333,0.333,0.667,0.667,0.333,1.0,0,4,5,2,3,3,2,4,3,60,85.5,86.1,2
2016,9,24,30948,30948.5,2498,16,0.0,0.333,0.667,0.333,1.0,0.667,2.0,2.333,0,2,3,2,4,3,7,9,4,55,84.9,85.4,2
2016,9,25,30949,30949.5,2498,17,4.0,4.333,1.0,3.667,2.667,3.0,4.333,4.333,27,32,4,22,12,15,32,32,22,30,84.6,85.1,2
2016,9,26,30950,30950.5,2498,18,3.333,3.667,3.0,2.667,3.333,3.333,3.667,4.333,18,22,15,12,18,18,22,32,20,29,86.8,87.2,2
2016,9,27,30951,30951.5,2498,19,5.0,3.667,4.0,5.0,4.333,5.667,3.0,3.667,48,22,27,48,32,67,15,22,35,26,85.6,85.9,2
2016,9,28,30952,30952.5,2498,20,4.333,4.667,3.0,4.333,4.0,5.0,5.667,4.333,32,39,15,32,27,48,67,32,36,30,84.4,84.8,2
2016,9,29,30953,30953.5,2498,21,3.667,4.667,5.333,5.0,4.0,5.0,4.333,3.0,22,39,56,48,27,48,32,15,36,17,82.7,83.0,2
2016,9,30,30954,30954.5,2498,22,4.0,3.667,3.333,3.333,2.333,3.0,5.0,2.0,27,22,18,18,9,15,48,7,20,12,80.6,80.8,2
2016,10,1,30955,30955.5,2498,23,3.0,4.0,2.333,2.667,2.0,3.667,4.333,3.0,15,27,9,12,7,22,32,15,17,0,81.0,81.2,2
2016,10,2,30956,30956.5,2498,24,3.333,3.0,2.667,2.0,3.333,2.333,4.333,3.333,18,15,12,7,18,9,32,18,16,15,82.3,82.4,2
2016,10,3,30957,30957.5,2498,25,2.333,3.667,3.333,1.0,2.0,2.667,3.333,3.0,9,22,18,4,7,12,18,15,13,35,87.8,87.9,2
2016,10,4,30958,30958.5,2498,26,3.667,5.0,3.0,4.0,4.0,2.0,3.333,3.333,22,48,15,27,27,7,18,18,23,40,93.1,93.1,2
2016,10,5,30959,30959.5,2498,27,3.333,3.333,3.0,2.0,2.0,2.333,1.667,2.333,18,18,15,7,7,9,6,9,11,41,99.3,99.3,2
2016,10,6,30960,30960.5,2499,1,2.0,1.667,1.0,0.0,0.333,2.333,2.0,1.0,7,6,4,0,2,9,7,4,5,56,101.5,101.4,2
2016,10,7,30961,30961.5,2499,2,2.667,1.667,1.0,0.333,0.667,1.667,2.0,0.667,12,6,4,2,3,6,7,3,5,60,104.2,104.0,2
2016,10,8,30962,30962.5,2499,3,2.0,3.333,2.0,2.0,1.0,1.0,1.667,1.333,7,18,7,7,4,4,6,5,7,63,104.3,104.1,2
2016,10,9,30963,30963.5,2499,4,1.333,1.0,1.333,1.0,1.667,0.667,2.0,1.0,5,4,5,4,6,3,7,4,5,68,104.5,104.2,2
2016,10,10,30964,30964.5,2499,5,3.333,2.667,2.333,1.0,1.0,2.667,3.0,0.667,18,12,9,4,4,12,15,3,10,66,102.0,101.6,2
2016,10,11,30965,30965.5,2499,6,0.0,0.0,0.667,1.0,0.333,0.0,0.333,0.667,0,0,3,4,2,0,2,3,2,63,99.2,98.8,2
2016,10,12,30966,30966.5,2499,7,0.667,0.333,0.667,0.333,0.333,1.0,1.667,3.0,3,2,3,2,2,4,6,15,5,41,97.6,97.2,2
2016,10,13,30967,30967.5,2499,8,2.333,3.0,4.333,4.667,4.667,6.333,6.333,5.0,9,15,32,39,39,94,94,48,46,42,95.3,94.8,2
2016,10,14,30968,30968.5,2499,9,5.667,4.667,4.667,3.0,1.667,1.667,0.667,0.667,67,39,39,15,6,6,3,3,22,41,92.8,92.3,2
2016,10,15,30969,30969.5,2499,10,2.667,2.333,2.0,2.0,2.0,2.667,2.0,3.0,12,9,7,7,7,12,7,15,10,38,84.9,84.4,2
2016,10,16,30970,30970.5,2499,11,2.667,1.333,2.667,3.0,3.0,2.333,5.0,3.667,12,5,12,15,15,9,48,22,17,29,80.9,80.4,2
2016,10,17,30971,30971.5,2499,12,3.333,3.333,3.667,4.0,2.333,3.667,3.333,4.0,18,18,22,27,9,22,18,27,20,27,76.2,75.6,2
2016,10,18,30972,30972.5,2499,13,2.667,3.0,3.0,2.0,1.333,1.333,1.0,2.333,12,15,15,7,5,5,4,9,9,29,77.4,76.8,2
2016,10,19,30973,30973.5,2499,14,2.667,2.0,1.0,1.333,1.0,1.333,1.333,0.667,12,7,4,5,4,5,5,3,6,28,76.5,75.8,2
2016,10,20,30974,30974.5,2499,15,1.333,0.0,0.333,0.0,0.333,0.0,1.333,0.333,5,0,2,0,2,0,5,2,2,16,74.7,74.0,2
2016,10,21,30975,30975.5,2499,16,0.0,0.667,0.333,0.0,0.0,0.0,0.0,0.333,0,3,2,0,0,0,0,2,1,28,77.8,77.1,2
2016,10,22,30976,30976.5,2499,17,1.0,0.0,0.667,1.333,1.0,1.667,2.333,1.667,4,0,3,5,4,6,9,6,5,27,77.5,76.7,2
2016,10,23,30977,30977.5,2499,18,0.333,2.0,2.667,1.333,2.0,2.0,2.667,3.0,2,7,12,5,7,7,12,15,8,15,76.9,76.0,2
2016,10,24,30978,30978.5,2499,19,3.667,3.667,2.667,2.0,3.667,3.0,2.0,3.667,22,22,12,7,22,15,7,22,16,15,75.3,74.5,2
2016,10,25,30979,30979.5,2499,20,4.333,4.333,3.333,5.0,6.333,6.333,5.333,6.0,32,32,18,48,94,94,56,80,57,17,77.8,76.9,2
2016,10,26,30980,30980.5,2499,21,4.667,5.0,3.667,5.667,4.0,5.667,4.667,4.667,39,48,22,67,27,67,39,39,44,25,78.0,77.1,2
2016,10,27,30981,30981.5,2499,22,4.333,4.667,3.667,3.0,3.333,4.667,4.0,3.333,32,39,22,15,18,39,27,18,26,25,78.9,77.8,2
2016,10,28,30982,30982.5,2499,23,2.667,2.667,3.333,2.667,2.667,3.333,3.0,4.333,12,12,18,12,12,18,15,32,16,37,79.2,78.2,2
2016,10,29,30983,30983.5,2499,24,5.0,5.333,4.667,3.333,3.667,2.333,2.667,2.333,48,56,39,18,22,9,12,9,27,23,79.1,78.0,2
2016,10,30,30984,30984.5,2499,25,4.0,3.333,3.0,2.333,3.667,3.333,3.0,2.0,27,18,15,9,22,18,15,7,16,13,76.2,75.1,2
2016,10,31,30985,30985.5,2499,26,2.667,3.0,2.333,2.333,1.333,2.0,1.667,0.667,12,15,9,9,5,7,6,3,8,13,76.7,75.5,2
2016,11,1,30986,30986.5,2499,27,2.0,2.0,2.0,2.667,3.0,2.0,2.0,3.667,7,7,7,12,15,7,7,22,10,12,76.5,75.4,2
2016,11,2,30987,30987.5,2500,1,4.333,2.0,1.0,2.333,3.667,2.667,1.667,3.667,32,7,4,9,22,12,6,22,14,0,76.0,74.8,2
2016,11,3,30988,30988.5,2500,2,3.0,3.0,4.0,3.667,2.667,2.667,2.0,3.667,15,15,27,22,12,12,7,22,16,27,75.6,74.4,2
2016,11,4,30989,30989.5,2500,3,2.667,1.667,1.0,0.667,0.0,0.0,1.0,0.333,12,6,4,3,0,0,4,2,4,25,76.7,75.4,2
2016,11,5,30990,30990.5,2500,4,0.667,0.333,0.667,0.667,0.333,0.0,0.333,0.0,3,2,3,3,2,0,2,0,2,25,76.7,75.3,2
2016,11,6,30991,30991.5,2500,5,1.0,0.333,1.333,1.0,2.0,0.333,1.0,1.667,4,2,5,4,7,2,4,6,4,22,76.2,74.9,2
2016,11,7,30992,30992.5,2500,6,2.0,0.667,1.333,0.667,0.667,0.667,0.0,0.0,7,3,5,3,3,3,0,0,3,11,76.5,75.1,2
2016,11,8,30993,30993.5,2500,7,0.0,0.0,0.333,0.667,1.0,0.333,0.0,1.0,0,0,2,3,4,2,0,4,2,0,76.9,75.4,2
2016,11,9,30994,30994.5,2500,8,0.0,0.0,2.0,1.667,2.0,1.0,2.667,2.667,0,0,7,6,7,4,12,12,6,14,79.9,78.3,2
2016,11,10,30995,30995.5,2500,9,1.667,1.667,2.0,2.333,3.333,4.667,3.0,3.0,6,6,7,9,18,39,15,15,14,24,80.2,78.6,2
2016,11,11,30996,30996.5,2500,10,4.333,2.0,1.667,2.0,1.667,2.333,1.667,3.333,32,7,6,7,6,9,6,18,11,26,78.4,76.8,2
2016,11,12,30997,30997.5,2500,11,2.667,3.667,2.333,4.0,3.667,3.333,3.0,3.333,12,22,9,27,22,18,15,18,18,12,78.4,76.8,2
2016,11,13,30998,30998.5,2500,12,3.667,3.667,3.333,3.333,3.0,3.0,4.667,3.667,22,22,18,18,15,15,39,22,21,36,77.8,76.2,2
2016,11,14,30999,30999.5,2500,13,1.333,2.333,2.333,2.333,2.667,3.0,1.667,3.0,5,9,9,9,12,15,6,15,10,31,77.3,75.6,2
2016,11,15,31000,31000.5,2500,14,3.333,2.333,1.667,1.667,2.333,1.333,0.333,0.333,18,9,6,6,9,5,2,2,7,27,76.5,74.9,2
2016,11,16,31001,31001.5,2500,15,0.667,1.0,0.667,0.333,0.333,1.0,1.667,1.667,3,4,3,2,2,4,6,6,4,27,80.9,79.1,2
2016,11,17,31002,31002.5,2500,16,1.0,0.333,0.333,0.333,0.0,0.333,1.333,1.333,4,2,2,2,0,2,5,5,3,29,78.6,76.8,2
2016,11,18,31003,31003.5,2500,17,2.0,0.0,0.0,0.0,0.333,1.333,0.0,0.333,7,0,0,0,2,5,0,2,2,28,77.6,75.8,2
2016,11,19,31004,31004.5,2500,18,0.0,0.0,0.0,0.0,0.333,0.667,0.667,0.333,0,0,0,0,2,3,3,2,1,24,76.8,74.9,2
2016,11,20,31005,31005.5,2500,19,0.0,0.0,0.333,0.667,1.0,0.667,0.333,1.0,0,0,2,3,4,3,2,4,2,13,76.4,74.6,2
2016,11,21,31006,31006.5,2500,20,0.667,1.667,0.667,0.667,1.333,1.0,2.333,2.333,3,6,3,3,5,4,9,9,5,0,75.0,73.1,2
2016,11,22,31007,31007.5,2500,21,1.0,0.667,1.0,2.0,2.333,3.0,3.0,4.333,4,3,4,7,9,15,15,32,11,0,77.3,75.4,2
2016,11,23,31008,31008.5,2500,22,4.0,3.0,2.667,1.667,1.333,1.667,2.667,1.0,27,15,12,6,5,6,12,4,11,11,77.7,75.7,2
2016,11,24,31009,31009.5,2500,23,3.667,2.333,3.0,3.0,4.667,3.333,3.667,3.667,22,9,15,15,39,18,22,22,20,12,79.0,77.0,2
2016,11,25,31010,31010.5,2500,24,4.333,5.333,5.0,2.667,4.333,3.667,4.333,2.0,32,56,48,12,32,22,32,7,30,13,80.9,78.8,2
2016,11,26,31011,31011.5,2500,25,2.667,3.0,2.333,2.333,2.0,3.0,2.667,2.0,12,15,9,9,7,15,12,7,11,25,81.2,79.1,2
2016,11,27,31012,31012.5,2500,26,2.333,2.667,2.333,2.0,2.0,0.667,2.0,2.333,9,12,9,7,7,3,7,9,8,30,82.6,80.4,2
2016,11,28,31013,31013.5,2500,27,1.333,1.667,1.667,1.333,2.0,2.667,2.0,2.333,5,6,6,5,7,12,7,9,7,41,85.2,82.9,2
2016,11,29,31014,31014.5,2501,1,2.0,1.333,0.333,0.667,1.0,0.667,1.667,2.0,7,5,2,3,4,3,6,7,5,46,85.5,83.1,2
2016,11,30,31015,31015.5,2501,2,1.0,0.667,1.333,0.333,0.333,0.667,0.333,0.333,4,3,5,2,2,3,2,2,3,51,83.6,81.3,2
2016,12,1,31016,31016.5,2501,3,0.667,1.667,1.0,0.333,0.333,0.0,0.0,0.0,3,6,4,2,2,0,0,0,2,55,84.5,82.1,2
2016,12,2,31017,31017.5,2501,4,0.333,1.0,0.667,0.667,0.667,1.333,1.333,0.667,2,4,3,3,3,5,5,3,4,61,84.4,82.0,2
2016,12,3,31018,31018.5,2501,5,0.333,0.333,0.667,0.0,0.0,0.333,1.0,0.0,2,2,3,0,0,2,4,0,2,56,84.7,82.2,2
2016,12,4,31019,31019.5,2501,6,0.0,0.667,0.0,0.333,0.0,0.0,0.0,0.333,0,3,0,2,0,0,0,2,1,38,82.4,80.0,2
2016,12,5,31020,31020.5,2501,7,2.333,0.667,0.0,0.0,0.667,1.0,1.0,1.333,9,3,0,0,3,4,4,5,4,34,82.7,80.3,2
2016,12,6,31021,31021.5,2501,8,0.333,0.333,1.0,2.0,3.333,2.0,1.333,2.333,2,2,4,7,18,7,5,9,7,31,79.8,77.4,2
2016,12,7,31022,31022.5,2501,9,0.0,1.667,3.0,2.0,1.667,2.667,3.0,2.667,0,6,15,7,6,12,15,12,9,19,77.2,74.9,2
2016,12,8,31023,31023.5,2501,10,3.333,4.0,2.667,2.667,2.667,4.0,4.333,4.0,18,27,12,12,12,27,32,27,21,14,74.8,72.6,2
2016,12,9,31024,31024.5,2501,11,4.0,2.0,3.333,3.667,3.0,3.667,4.667,4.667,27,7,18,22,15,22,39,39,24,20,72.9,70.7,2
2016,12,10,31025,31025.5,2501,12,4.0,3.333,2.333,3.333,2.667,2.667,3.0,2.667,27,18,9,18,12,12,15,12,15,0,72.2,70.0,2
2016,12,11,31026,31026.5,2501,13,3.333,4.333,2.0,3.0,2.333,2.667,3.0,1.667,18,32,7,15,9,12,15,6,14,0,71.4,69.2,2
2016,12,12,31027,31027.5,2501,14,2.0,2.333,1.333,0.333,0.333,1.667,0.667,1.333,7,9,5,2,2,6,3,5,5,12,70.8,68.6,2
2016,12,13,31028,31028.5,2501,15,1.333,0.667,0.333,1.0,1.0,0.667,0.333,1.667,5,3,2,4,4,3,2,6,4,14,71.2,69.0,2
2016,12,14,31029,31029.5,2501,16,1.333,0.667,0.667,1.333,0.667,0.333,1.333,0.667,5,3,3,5,3,2,5,3,4,23,72.4,70.1,2
2016,12,15,31030,31030.5,2501,17,0.0,0.0,0.333,0.667,0.333,0.333,1.0,0.667,0,0,2,3,2,2,4,3,2,12,72.5,70.2,2
2016,12,16,31031,31031.5,2501,18,0.667,0.333,0.0,0.0,0.0,0.0,0.333,1.0,3,2,0,0,0,0,2,4,1,0,72.6,70.3,2
2016,12,17,31032,31032.5,2501,19,0.0,0.0,0.333,0.333,1.0,1.667,2.333,3.333,0,0,2,2,4,6,9,18,5,13,72.1,69.8,2
2016,12,18,31033,31033.5,2501,20,3.0,2.667,2.333,1.333,1.667,1.667,1.333,1.0,15,12,9,5,6,6,5,4,8,27,72.3,70.0,2
2016,12,19,31034,31034.5,2501,21,1.0,1.667,1.333,1.0,0.667,1.333,2.0,0.667,4,6,5,4,3,5,7,3,5,15,72.8,70.5,2
2016,12,20,31035,31035.5,2501,22,1.0,1.0,1.0,1.333,1.0,2.0,0.667,2.667,4,4,4,5,4,7,3,12,5,22,74.9,72.5,2
2016,12,21,31036,31036.5,2501,23,2.0,2.0,1.333,3.0,3.333,6.0,4.0,4.0,7,7,5,15,18,80,27,27,23,30,75.0,72.6,2
2016,12,22,31037,31037.5,2501,24,4.667,4.333,3.333,3.0,3.0,2.667,4.0,3.0,39,32,18,15,15,12,27,15,22,16,74.8,72.4,2
2016,12,23,31038,31038.5,2501,25,3.0,4.0,2.667,3.333,3.0,3.333,4.0,3.667,15,27,12,18,15,18,27,22,19,0,73.7,71.3,2
2016,12,24,31039,31039.5,2501,26,3.0,2.667,2.667,2.0,3.0,3.333,2.333,2.0,15,12,12,7,15,18,9,7,12,0,73.1,70.7,2
2016,12,25,31040,31040.5,2501,27,3.333,3.333,2.0,3.667,4.0,4.0,4.0,2.667,18,18,7,22,27,27,27,12,20,0,72.5,70.1,2
2016,12,26,31041,31041.5,2502,1,4.667,3.333,3.333,3.0,3.667,3.667,2.667,3.333,39,18,18,15,22,22,12,18,20,0,73.8,71.4,2
2016,12,27,31042,31042.5,2502,2,3.667,3.333,2.0,2.0,2.333,1.333,2.0,2.667,22,18,7,7,9,5,7,12,11,16,73.7,71.3,2
2016,12,28,31043,31043.5,2502,3,1.667,2.0,0.333,0.667,0.667,2.0,1.333,1.333,6,7,2,3,3,7,5,5,5,12,73.3,70.9,2
2016,12,29,31044,31044.5,2502,4,2.0,1.0,0.333,1.0,1.333,2.0,0.333,0.333,7,4,2,4,5,7,2,2,4,11,73.4,70.9,2
2016,12,30,31045,31045.5,2502,5,0.0,1.333,0.333,0.333,0.667,0.667,0.333,0.667,0,5,2,2,3,3,2,3,2,11,73.6,71.2,2
2016,12,31,31046,31046.5,2502,6,0.667,2.333,2.0,2.667,3.333,3.333,3.333,2.667,3,9,7,12,18,18,18,12,12,11,73.5,71.1,2
